id;slug;city;municipality;area_type;page_template;region;page_title;meta_description;hero_eyebrow;hero_title;hero_subtitle;intro_title;intro_text;region_text;seo_content_html;faq_html;is_active
49;delft;Delft;Delft;city;city;Zuid-Holland;"Cv-ketel storing in Delft? Gratis ketelcheck";"Cv-ketel storing, lekkage of geen warm water in Delft? Doe de gratis ketelcheck en ontvang binnen 24 uur advies of een passende offerte.";"Cv-ketel hulp in Delft";"Cv-ketel storing of lekkage in Delft?";"Van oude stadswoning tot appartement of studentenhuis: bij storing, lekkage of geen warm water in Delft helpt de ketelcheck om snel de juiste vervolgstap te bepalen.";"Snel duidelijkheid bij cv-ketelproblemen in Delft";"Delft heeft historische woningen, compacte installaties, studentenhuizen en appartementen. Daardoor kunnen bereikbaarheid, ruimte rond de ketel en rookgasafvoer extra belangrijk zijn. Met de ketelcheck geeft u de klacht, ketelleeftijd en eventueel foto’s door, zodat sneller duidelijk wordt of reparatie of vervanging logisch is.";"KetelOfferte24.nl helpt bij cv-ketelproblemen in Delft en omgeving, waaronder storing, lekkage, drukverlies, geen warm water en vervangen.";"<h2>Veelvoorkomende cv-ketelproblemen in Delft</h2><p>In Delft komen cv-ketelproblemen voor in uiteenlopende woningen: historische panden, appartementen, studentenhuizen en gezinswoningen. Een ketel kan storing geven door lage waterdruk, ouderdom, slechte doorstroming of een onderdeel dat vervangen moet worden. Bij lekkage of steeds wegvallend warm water is snelle beoordeling verstandig.</p><h2>Compacte installaties en oude woningen</h2><p>In oudere of compacte woningen is de technische ruimte soms beperkt. Dat kan invloed hebben op bereikbaarheid, rookgasafvoer en vervanging. Stuur daarom bij voorkeur foto’s mee van de ketel, de plek waar deze hangt en het typeplaatje. Zo wordt sneller duidelijk of reparatie of vervanging haalbaar is.</p><h2>Reparatie of nieuwe cv-ketel?</h2><p>Is uw ketel jong en is de storing eenmalig, dan ligt reparatie vaak voor de hand. Is de ketel ouder dan ongeveer 12 tot 15 jaar, zijn onderdelen lastig verkrijgbaar of komt de storing terug, dan kan vervangen verstandiger zijn. De ketelcheck helpt om deze afweging scherp te maken.</p><h2>Veiligheid eerst</h2><p>Bij gaslucht, koolmonoxidevermoeden of flinke lekkage moet u niet wachten op een gewone offerteaanvraag. Ventileer, ga naar buiten en neem contact op met de juiste noodpartij. Voor werkzaamheden aan gasverbrandingsinstallaties hoort een CO-gecertificeerd bedrijf te worden ingeschakeld. Controleer dit altijd bij de uitvoerende partij.</p>";"<h2>Veelgestelde vragen over cv-ketels in Delft</h2><h3>Kan ik een aanvraag doen voor een studentenhuis?</h3><p>Ja, maar stem bij huur of gedeelde installaties eerst af wie verantwoordelijk is voor de ketel.</p><h3>Wat als de ketel op een moeilijk bereikbare plek hangt?</h3><p>Stuur foto’s mee van de opstelling. Bereikbaarheid kan invloed hebben op reparatie of vervanging.</p><h3>Hoe snel krijg ik duidelijkheid?</h3><p>Na de ketelcheck ontvangt u binnen 24 uur richting, advies of een passende offerte wanneer dat logisch is.</p><h3>Moet ik het type ketel weten?</h3><p>Dat helpt, maar is niet verplicht. Een foto van het typeplaatje is vaak genoeg.</p><h3>Wanneer is vervangen verstandig?</h3><p>Bij oudere ketels, terugkerende storingen, lekkage of hoge energiekosten kan vervangen voordeliger zijn dan repareren.</p>";1
24;binnenstad-delft;"Binnenstad Delft";Delft;district;default;Zuid-Holland;"Cv-ketel storing Binnenstad Delft? Check reparatie of offerte";"Cv-ketel storing, lekkage of geen warm water in de Binnenstad van Delft? Doe de ketelcheck en ontvang binnen 24 uur duidelijkheid.";"Ketelcheck Binnenstad Delft";"Cv-ketel storing in de Binnenstad van Delft?";"Woont u in een oudere stadswoning, appartement of bovenwoning en geeft uw cv-ketel storing, lekkage of geen warm water? Doe de ketelcheck en ontvang snel duidelijkheid.";"Oude stadswoningen vragen om een scherpe beoordeling";"In de Binnenstad van Delft hangen cv-ketels regelmatig in compacte technische ruimtes, oudere panden of appartementen. Bij storing, drukverlies of lekkage is het daarom belangrijk om ook bereikbaarheid, ketelplek en rookgasafvoer mee te nemen. Foto’s helpen om de aanvraag concreter te maken.";"De Binnenstad van Delft valt binnen gemeente Delft. KetelOfferte24.nl helpt bewoners met een eigen cv-ketel bij storing, lekkage, geen warm water, drukverlies en vervangen.";"<h2>Cv-ketelproblemen in de Binnenstad van Delft</h2><p>In de Binnenstad van Delft kunnen cv-ketelproblemen extra lastig zijn door oudere woningen, smalle trappen, compacte installatieruimtes en appartementen boven winkels of in monumentale panden. Een storing of lekkage vraagt daarom niet alleen om een snelle reactie, maar ook om een goede beoordeling van de plek waar de ketel hangt.</p><h2>Storing, lekkage of geen warm water</h2><p>Veelvoorkomende klachten zijn foutcodes, drukverlies, geen warm water, lekkage of lawaai uit de ketel. Noteer de foutcode en stuur foto’s mee van het toestel, typeplaatje en de ruimte rond de ketel. Zo kan sneller worden bepaald of reparatie logisch is of dat vervanging beter past.</p><h2>Repareren of vervangen in een oud pand</h2><p>Bij oudere woningen kan vervanging extra aandacht vragen voor rookgasafvoer, ventilatie en bereikbaarheid. Een jonge ketel met een duidelijk defect kan vaak nog gerepareerd worden. Bij oudere ketels, terugkerende storingen of lekkage wordt vergelijken met vervanging verstandiger.</p><h2>Links naar relevante hulp</h2><p>Bekijk ook de hoofdroute voor <a href=""/delft/"">cv-ketelproblemen in Delft</a>, <a href=""/cv-ketel-storing-zuid-holland/"">cv-ketel storing</a>, <a href=""/cv-ketel-lekt-zuid-holland/"">lekkage</a>, <a href=""/geen-warm-water-zuid-holland/"">geen warm water</a> en <a href=""/cv-ketel-vervangen-zuid-holland/"">cv-ketel vervangen</a>.</p>";"<h2>Veelgestelde vragen over cv-ketels in de Binnenstad van Delft</h2><h3>Is de ketelcheck geschikt voor oude stadswoningen?</h3><p>Ja, geef wel duidelijk aan waar de ketel hangt en stuur foto’s mee van de ketelruimte.</p><h3>Wat als mijn woning monumentaal is?</h3><p>Dan kunnen bereikbaarheid, rookgasafvoer en plaatsing extra aandacht vragen. Vermeld dit in de toelichting.</p><h3>Kan ik foto’s meesturen?</h3><p>Ja, foto’s van de ketel, het typeplaatje, leidingen en de plek van de ketel helpen sterk.</p><h3>Wanneer is vervangen verstandig?</h3><p>Bij een oude ketel, terugkerende storing, lekkage of hoge reparatiekosten kan vervangen logischer zijn.</p><h3>Wat bij gaslucht of rook?</h3><p>Neem direct veiligheidsmaatregelen. Gebruik geen gewone offerteaanvraag als eerste stap bij acuut gevaar.</p>";1
25;hof-van-delft;"Hof van Delft";Delft;district;default;Zuid-Holland;"Cv-ketel storing Hof van Delft? Reparatie of offerte";"Cv-ketel storing, lekkage of geen warm water in Hof van Delft? Doe de ketelcheck en ontvang advies over reparatie of vervangen.";"Ketelcheck Hof van Delft";"Cv-ketel storing in Hof van Delft?";"Geeft uw cv-ketel storing, verliest hij druk of heeft u geen warm water? Doe de ketelcheck en krijg snel duidelijkheid over repareren of vervangen.";"Duidelijkheid bij storing in Hof van Delft";"Hof van Delft heeft een mix van oudere woningen, appartementen en gezinswoningen. Bij cv-ketelproblemen is het belangrijk om klacht, ketelleeftijd, woningtype en bereikbaarheid mee te nemen. Met foto’s van de ketel kan uw aanvraag beter worden beoordeeld.";"Hof van Delft valt binnen Delft. KetelOfferte24.nl helpt bewoners met een eigen cv-ketel bij storing, lekkage, geen warm water, drukverlies en vervangen.";"<h2>Cv-ketelproblemen in Hof van Delft</h2><p>In Hof van Delft kunnen storingen ontstaan door ouderdom, lage waterdruk, een defect onderdeel of achterstallig onderhoud. Omdat de wijk verschillende woningtypen heeft, verschilt ook de beste oplossing per woning.</p><h2>Wanneer repareren en wanneer vervangen?</h2><p>Bij een jonge ketel met een duidelijke foutcode is reparatie vaak logisch. Bij terugkerende storing, lekkage, hoge energiekosten of een oudere ketel wordt vervangen sneller interessant. De ketelcheck helpt om deze keuze te onderbouwen.</p><h2>Maak uw aanvraag concreet</h2><p>Stuur foto’s mee van het display, typeplaatje, leidingen en de plek waar de ketel hangt. Geef ook aan of warm water, verwarming of beide problemen geven.</p><h2>Relevante routes</h2><p>Bekijk ook <a href=""/delft/"">cv-ketel hulp in Delft</a>, <a href=""/cv-ketel-storing-zuid-holland/"">cv-ketel storing</a>, <a href=""/cv-ketel-lekt-zuid-holland/"">lekkage</a>, <a href=""/drukverlies-cv-ketel-zuid-holland/"">drukverlies</a> en <a href=""/cv-ketel-vervangen-zuid-holland/"">cv-ketel vervangen</a>.</p>";"<h2>Veelgestelde vragen over cv-ketels in Hof van Delft</h2><h3>Kan ik bij storing direct een aanvraag doen?</h3><p>Ja, vul de ketelcheck in en vermeld foutcode, druk en klacht.</p><h3>Is vervangen altijd nodig?</h3><p>Nee, bij jongere ketels kan reparatie voldoende zijn.</p><h3>Waarom foto’s meesturen?</h3><p>Foto’s maken duidelijk welk type ketel u heeft en waar het probleem zit.</p><h3>Wat bij steeds drukverlies?</h3><p>Terugkerend drukverlies kan wijzen op lekkage of een defect onderdeel.</p><h3>Is de aanvraag verplichtend?</h3><p>Nee, u krijgt eerst duidelijkheid over de vervolgstap.</p>";1
27;schieweg-delft;Schieweg;Delft;district;default;Zuid-Holland;"Cv-ketel storing Schieweg Delft? Eigen ketel checken";"Cv-ketel storing, drukverlies of geen warm water bij Schieweg Delft? Doe de ketelcheck als uw woning een eigen cv-ketel heeft.";"Ketelcheck Schieweg Delft";"Cv-ketel storing bij Schieweg Delft?";"Heeft uw woning een eigen cv-ketel en merkt u storing, drukverlies, lekkage of geen warm water? Start de ketelcheck voor duidelijke vervolgstappen.";"Gericht advies bij een eigen cv-ketel";"Rondom Schieweg in Delft verschilt de verwarmingssituatie per woning. De ketelcheck is vooral bedoeld voor bewoners met een eigen cv-ketel die storing, lekkage, drukverlies of warmwaterproblemen ervaren.";"Schieweg Delft valt binnen gemeente Delft. KetelOfferte24.nl helpt bij cv-ketelproblemen in woningen met een eigen cv-installatie.";"<h2>Cv-ketelproblemen bij Schieweg Delft</h2><p>Bij woningen rond Schieweg kan de situatie verschillen per huis of appartement. Heeft u een eigen cv-ketel, dan kunt u via de ketelcheck snel doorgeven wat er speelt: storing, lekkage, drukverlies, geen warm water of twijfel over vervanging.</p><h2>Eigen ketel of collectieve verwarming?</h2><p>Controleer eerst of u een eigen cv-ketel heeft. Bij collectieve verwarming of afspraken via verhuurder of VvE ligt de route anders. Bij een eigen ketel helpen foto’s van toestel en typeplaatje om de aanvraag concreet te maken.</p><h2>Repareren of vervangen</h2><p>Een eenmalige storing kan vaak gerepareerd worden. Bij oudere ketels, terugkerende problemen of hoge energiekosten is vervangen soms verstandiger.</p><h2>Relevante routes</h2><p>Bekijk ook <a href=""/delft/"">cv-ketel hulp in Delft</a>, <a href=""/cv-ketel-storing-zuid-holland/"">storing</a>, <a href=""/geen-warm-water-zuid-holland/"">geen warm water</a>, <a href=""/drukverlies-cv-ketel-zuid-holland/"">drukverlies</a> en <a href=""/gecertificeerde-cv-monteur-zuid-holland/"">gecertificeerde cv-monteur</a>.</p>";"<h2>Veelgestelde vragen over cv-ketels bij Schieweg Delft</h2><h3>Is dit geschikt als ik in een appartement woon?</h3><p>Ja, als u een eigen cv-ketel heeft. Bij collectieve verwarming is de route anders.</p><h3>Wat moet ik meesturen?</h3><p>Foto’s van ketel, typeplaatje, foutcode en de plek waar de ketel hangt.</p><h3>Kan drukverlies door leidingen komen?</h3><p>Ja, drukverlies kan door ketel, leidingen, radiatoren of expansievat ontstaan.</p><h3>Wanneer is vervangen logisch?</h3><p>Bij oude ketels, terugkerende storingen of hoge reparatiekosten.</p><h3>Wat bij gaslucht?</h3><p>Neem direct veiligheidsmaatregelen en gebruik een offerteaanvraag niet als eerste stap.</p>";1
28;tanthof;Tanthof;Delft;district;default;Zuid-Holland;"Cv-ketel vervangen in Tanthof? Ketelcheck en offerte";"Cv-ketel storing, oude ketel of geen warm water in Tanthof? Doe de ketelcheck en ontvang advies over reparatie of vervangen.";"Ketelcheck Tanthof";"Cv-ketel vervangen of storing in Tanthof?";"Heeft u in Tanthof een oudere cv-ketel, terugkerende storing, drukverlies of geen warm water? Start de ketelcheck en ontvang snel duidelijkheid.";"Voor gezinswoningen en oudere installaties in Tanthof";"In Tanthof staan veel gezinswoningen waar comfort en betrouwbaar warm water belangrijk zijn. Als een oudere cv-ketel steeds storing geeft of duurder wordt in onderhoud, is het slim om repareren en vervangen goed te vergelijken.";"Tanthof ligt in Delft. KetelOfferte24.nl helpt bewoners met een eigen cv-ketel bij storing, lekkage, drukverlies, geen warm water en vervangingsvragen.";"<h2>Cv-ketelproblemen in Tanthof</h2><p>In Tanthof draait het vaak om gezinswoningen waar warm water en verwarming dagelijks intensief worden gebruikt. Een cv-ketel die storing geeft, lawaai maakt of steeds druk verliest, kan dan snel veel overlast veroorzaken.</p><h2>Oude ketel of hoge energiekosten</h2><p>Veel bewoners vragen zich af of reparatie nog zinvol is. Bij een ketel die ouder wordt, vaker storing geeft of hogere energiekosten veroorzaakt, kan vervangen verstandiger zijn. De ketelcheck helpt om leeftijd, klacht en warmwaterbehoefte samen te bekijken.</p><h2>Wat maakt een aanvraag sterker?</h2><p>Stuur foto’s mee van de ketel, het typeplaatje, leidingen en de ruimte rond de installatie. Geef ook aan of het vooral gaat om verwarming, warm water, drukverlies of lekkage. Dat maakt de beoordeling concreter.</p><h2>Links naar relevante hulp</h2><p>Bekijk ook <a href=""/delft/"">cv-ketel hulp in Delft</a>, <a href=""/cv-ketel-vervangen-zuid-holland/"">cv-ketel vervangen</a>, <a href=""/cv-ketel-storing-zuid-holland/"">cv-ketel storing</a>, <a href=""/drukverlies-cv-ketel-zuid-holland/"">drukverlies</a> en <a href=""/geen-warm-water-zuid-holland/"">geen warm water</a>.</p>";"<h2>Veelgestelde vragen over cv-ketels in Tanthof</h2><h3>Wanneer moet ik mijn cv-ketel vervangen?</h3><p>Bij een oude ketel, terugkerende storingen, lekkage of hoge energiekosten kan vervangen verstandiger zijn.</p><h3>Kan ik eerst advies krijgen?</h3><p>Ja, de ketelcheck helpt om repareren en vervangen te vergelijken voordat u beslist.</p><h3>Welke informatie is handig?</h3><p>Ketelleeftijd, foutcode, waterdruk, foto’s en informatie over warmwatergebruik helpen.</p><h3>Is de aanvraag vrijblijvend?</h3><p>Ja, u ontvangt duidelijkheid zonder directe verplichting.</p><h3>Wat bij geen verwarming in een gezinswoning?</h3><p>Geef urgentie aan in de ketelcheck. Bij gevaarlijke signalen gaat veiligheid altijd voor.</p>";1
29;voorhof-buitenhof;"Voorhof / Buitenhof";Delft;district;default;Zuid-Holland;"Cv-ketel storing Voorhof of Buitenhof? Eigen ketel checken";"Cv-ketel storing, geen warm water of vervangen in Voorhof/Buitenhof Delft? Doe de ketelcheck als u een eigen cv-ketel heeft.";"Ketelcheck Voorhof/Buitenhof";"Cv-ketel storing in Voorhof of Buitenhof?";"Heeft uw woning een eigen cv-ketel en merkt u storing, lekkage, drukverlies of geen warm water? Doe de ketelcheck en ontvang snel duidelijkheid.";"Eerst checken of het om een eigen cv-ketel gaat";"In Voorhof en Buitenhof verschilt de verwarmingssituatie per woning. Sommige woningen hebben een eigen cv-ketel, andere appartementen kunnen met collectieve verwarming of VvE-afspraken te maken hebben. De ketelcheck is vooral bedoeld voor woningen met een eigen cv-ketel.";"Voorhof en Buitenhof liggen in Delft. KetelOfferte24.nl helpt bewoners met een eigen cv-installatie bij storing, lekkage, warmwaterproblemen en vervanging.";"<h2>Cv-ketelproblemen in Voorhof en Buitenhof</h2><p>Voorhof en Buitenhof bestaan uit verschillende woningtypen, waaronder appartementen en gezinswoningen. Daarom is de eerste vraag belangrijk: heeft uw woning een eigen cv-ketel, of is er sprake van collectieve verwarming, stadsverwarming of afspraken via verhuurder of VvE?</p><h2>Eigen cv-ketel? Dan is de ketelcheck geschikt</h2><p>Bij een eigen cv-ketel kunt u storing, lekkage, drukverlies of geen warm water via de ketelcheck doorgeven. Foto’s van ketel, typeplaatje en foutcode helpen om sneller te bepalen of reparatie, onderhoud of vervanging logisch is.</p><h2>Appartementen en VvE</h2><p>Woont u in een appartement, geef dan aan of u eigenaar of huurder bent en of de ketel individueel is. Bij gedeelde rookgasafvoer of VvE-afspraken kan extra afstemming nodig zijn voordat werk wordt uitgevoerd.</p><h2>Links naar relevante hulp</h2><p>Bekijk ook <a href=""/delft/"">cv-ketel hulp in Delft</a>, <a href=""/cv-ketel-storing-zuid-holland/"">cv-ketel storing</a>, <a href=""/geen-warm-water-zuid-holland/"">geen warm water</a>, <a href=""/drukverlies-cv-ketel-zuid-holland/"">drukverlies</a> en <a href=""/gecertificeerde-cv-monteur-zuid-holland/"">gecertificeerde cv-monteur</a>.</p>";"<h2>Veelgestelde vragen over cv-ketels in Voorhof en Buitenhof</h2><h3>Is de ketelcheck geschikt voor appartementen?</h3><p>Ja, als u een eigen cv-ketel heeft. Bij collectieve verwarming ligt de route anders.</p><h3>Wat als ik huurder ben?</h3><p>Controleer wie verantwoordelijk is voor de cv-ketel. Vaak loopt dit via verhuurder of beheerder.</p><h3>Waarom moet ik foto’s meesturen?</h3><p>Foto’s maken duidelijk of het om een eigen ketel gaat en waar het probleem zit.</p><h3>Kan drukverlies door de installatie komen?</h3><p>Ja, drukverlies kan door ketel, leidingen, radiatoren of expansievat ontstaan.</p><h3>Wanneer is een monteur nodig?</h3><p>Bij terugkerende storing, lekkage, geen warm water of onduidelijke foutcodes is beoordeling verstandig.</p>";1
26;wippolder;Wippolder;Delft;district;default;Zuid-Holland;"Cv-ketel storing Wippolder? Snel advies of offerte";"Geen warm water, lekkage of cv-ketel storing in Wippolder Delft? Doe de ketelcheck en ontvang binnen 24 uur duidelijkheid.";"Ketelcheck Wippolder";"Cv-ketel storing in Wippolder?";"Geen warm water, drukverlies, lekkage of een ketel die uitvalt? Doe de gratis ketelcheck voor Wippolder en ontvang snel duidelijkheid.";"Geen gedoe bij storing of warmwaterproblemen";"In Wippolder wilt u bij cv-ketelproblemen snel weten wat logisch is: repareren, vervangen of eerst extra controle. Met de ketelcheck geeft u klacht, urgentie, ketelleeftijd en foto’s door.";"Wippolder ligt in Delft. KetelOfferte24.nl helpt bewoners met een eigen cv-ketel bij storing, lekkage, drukverlies, geen warm water en vervangen.";"<h2>Cv-ketelproblemen in Wippolder</h2><p>Een storing in Wippolder kan gaan om geen warm water, koude radiatoren, drukverlies, lekkage of een ketel die veel lawaai maakt. De juiste vervolgstap hangt af van leeftijd, foutcode en de staat van de installatie.</p><h2>Snelle beoordeling met foto’s</h2><p>Foto’s van de ketel, foutcode, drukmeter en typeplaatje helpen om de situatie beter te beoordelen. Geef ook aan of het probleem plots is ontstaan of al vaker terugkomt.</p><h2>Repareren of vervangen?</h2><p>Bij een jonge ketel is reparatie vaak de eerste optie. Bij een oude of storingsgevoelige ketel kan vervangen op termijn goedkoper en betrouwbaarder zijn.</p><h2>Relevante routes</h2><p>Bekijk ook <a href=""/delft/"">cv-ketel hulp in Delft</a>, <a href=""/geen-warm-water-zuid-holland/"">geen warm water</a>, <a href=""/cv-ketel-storing-zuid-holland/"">storing</a>, <a href=""/cv-ketel-lekt-zuid-holland/"">lekkage</a> en <a href=""/cv-ketel-vervangen-zuid-holland/"">cv-ketel vervangen</a>.</p>";"<h2>Veelgestelde vragen over cv-ketels in Wippolder</h2><h3>Kan ik bij geen warm water een aanvraag doen?</h3><p>Ja, geef aan of de verwarming nog werkt en of er een foutcode is.</p><h3>Wat als de ketel druk verliest?</h3><p>Terugkerend drukverlies moet worden beoordeeld, zeker als u vaak moet bijvullen.</p><h3>Is reparatie altijd goedkoper?</h3><p>Niet altijd. Bij oude ketels of terugkerende storingen kan vervangen verstandiger zijn.</p><h3>Welke foto’s zijn handig?</h3><p>Display, typeplaatje, drukmeter, leidingen en de ketelruimte.</p><h3>Is de ketelcheck vrijblijvend?</h3><p>Ja, u krijgt eerst duidelijkheid over de mogelijke vervolgstap.</p>";1
48;den-haag;"Den Haag";"Den Haag";city;city;Zuid-Holland;"Cv-ketel storing in Den Haag? Binnen 24 uur advies";"Cv-ketel storing, lekkage, drukverlies of geen warm water in Den Haag? Doe de gratis ketelcheck en ontvang snel advies of een passende offerte.";"Cv-ketel hulp in Den Haag";"Cv-ketel storing, lekkage of geen warm water in Den Haag?";"Heeft u in Den Haag last van een cv-ketel die storing geeft, druk verliest, water lekt of geen warm water levert? Start de gratis ketelcheck en ontvang binnen 24 uur duidelijkheid.";"Snel duidelijkheid bij cv-ketelproblemen in Den Haag";"In Den Haag spelen cv-ketelproblemen vaak in appartementen, oudere woningen, bovenwoningen en huizen dicht bij de kust. Wind, vocht, rookgasafvoer en bereikbaarheid kunnen invloed hebben op de beoordeling. Met de ketelcheck brengt u de belangrijkste informatie snel bij elkaar.";"KetelOfferte24.nl helpt bij cv-ketelproblemen in Den Haag en omgeving, van storing en lekkage tot drukverlies, geen warm water en vervangen.";"<h2>Veelvoorkomende cv-ketelproblemen in Den Haag</h2><p>In Den Haag kunnen storingen ontstaan door verouderde installaties, appartementen met beperkte technische ruimte, drukverlies of problemen met warm water. Ook woningen dichter bij de kust kunnen extra aandacht vragen door vocht, windbelasting en oudere rookgasafvoer. Daarom is het handig om bij de aanvraag niet alleen de klacht te melden, maar ook uw woningtype en foto’s mee te sturen.</p><h2>Spoed of eerst beoordelen?</h2><p>Geen warm water of verwarming is vervelend, maar niet elke storing vraagt dezelfde route. Bij een foutcode of lage waterdruk kan reparatie logisch zijn. Bij lekkage, een oude ketel of terugkerende storingen kan vervangen verstandiger worden. De ketelcheck helpt om die keuze sneller te maken.</p><h2>Appartementen, VvE en eigen cv-ketel</h2><p>Woont u in een appartement in Den Haag? Controleer of u een eigen cv-ketel heeft of dat er sprake is van collectieve verwarming. Bij een eigen ketel kunt u meestal zelf een aanvraag doen. Bij gedeelde rookgasafvoer, collectieve installaties of VvE-afspraken kan toestemming of afstemming nodig zijn.</p><h2>Veiligheid en gecertificeerd werken</h2><p>Ruikt u gas of vermoedt u koolmonoxidegevaar? Ventileer, ga naar buiten en bel de juiste noodpartij. Voor installatie, reparatie, onderhoud en ingebruikstelling van gasverbrandingsinstallaties hoort een CO-gecertificeerd bedrijf te worden ingeschakeld. Laat dit altijd controleren bij de partij die het werk uitvoert.</p>";"<h2>Veelgestelde vragen over cv-ketels in Den Haag</h2><h3>Kan ik bij geen warm water direct een aanvraag doen?</h3><p>Ja. Geef aan of verwarming nog werkt, of er een foutcode is en hoe oud de ketel ongeveer is.</p><h3>Is dit geschikt voor appartementen?</h3><p>Ja, als u een eigen cv-ketel heeft. Bij collectieve installaties of VvE-afspraken kan de route anders zijn.</p><h3>Waarom foto’s meesturen?</h3><p>Foto’s van ketel, typeplaatje, foutcode of lekkage maken de beoordeling concreter.</p><h3>Wanneer moet ik veiligheid voorrang geven?</h3><p>Bij gaslucht, rook, koolmonoxidevermoeden of veel lekkage moet u direct veiligheidsmaatregelen nemen.</p><h3>Krijg ik altijd een offerte?</h3><p>U ontvangt duidelijkheid. Als een offerte logisch is, kan die worden voorbereid op basis van uw aanvraag.</p>";1
9;bouwlust-vrederust;"Bouwlust / Vrederust";"Den Haag";district;default;Zuid-Holland;"Cv-ketel storing Bouwlust of Vrederust? Ketelcheck";"Cv-ketel storing, geen warm water of lekkage in Bouwlust/Vrederust? Doe de ketelcheck en ontvang binnen 24 uur duidelijkheid.";"Ketelcheck Bouwlust/Vrederust";"Cv-ketel storing in Bouwlust of Vrederust?";"Geen warm water, drukverlies of een ketel die steeds uitvalt? Start de ketelcheck en ontvang snel duidelijkheid over repareren of vervangen.";"Weet snel of uw cv-ketel nog te redden is";"In Bouwlust en Vrederust komen verschillende woningtypen voor, waaronder appartementen en gezinswoningen. Bij een eigen cv-ketel helpt de ketelcheck om storing, lekkage, drukverlies of warmwaterproblemen duidelijk door te geven.";"Bouwlust en Vrederust liggen in Den Haag. KetelOfferte24.nl helpt bewoners met een eigen cv-ketel bij storing, lekkage, drukverlies en vervanging.";"<h2>Cv-ketelproblemen in Bouwlust en Vrederust</h2><p>Een cv-ketelstoring in Bouwlust of Vrederust kan gaan om koude radiatoren, geen warm water, lekkage of een ketel die steeds uitvalt. Met een duidelijke aanvraag kan sneller worden bepaald of reparatie nog logisch is.</p><h2>Appartement, huurwoning of eigen ketel</h2><p>Controleer of u een eigen cv-ketel heeft en wie verantwoordelijk is voor onderhoud of reparatie. Bij huurwoningen kan de verhuurder of beheerder een rol spelen. Vermeld dit in de toelichting.</p><h2>Repareren of vervangen</h2><p>Bij jonge ketels is repareren vaak mogelijk. Bij oudere toestellen, terugkerende storingen of hoge energiekosten kan vervangen verstandiger zijn.</p><h2>Relevante routes</h2><p>Bekijk ook <a href=""/den-haag/"">cv-ketel hulp in Den Haag</a>, <a href=""/cv-ketel-storing-zuid-holland/"">cv-ketel storing</a>, <a href=""/geen-warm-water-zuid-holland/"">geen warm water</a>, <a href=""/drukverlies-cv-ketel-zuid-holland/"">drukverlies</a>, <a href=""/cv-ketel-lekt-zuid-holland/"">lekkage</a> en <a href=""/cv-ketel-vervangen-zuid-holland/"">cv-ketel vervangen</a>.</p>";"<h2>Veelgestelde vragen over cv-ketels in Bouwlust en Vrederust</h2><h3>Kan ik als huurder de ketelcheck doen?</h3><p>Ja, maar controleer wie verantwoordelijk is voor de cv-ketel.</p><h3>Wat als ik geen warm water heb?</h3><p>Geef aan of de verwarming nog werkt en of er een foutcode is.</p><h3>Wanneer is vervangen verstandig?</h3><p>Bij oudere ketels, herhaalde storing of hoge reparatiekosten.</p><h3>Welke foto’s helpen?</h3><p>Foto’s van ketel, display, typeplaatje en drukmeter.</p><h3>Is de aanvraag vrijblijvend?</h3><p>Ja, u krijgt eerst duidelijkheid over de vervolgstap.</p>";1
13;kijkduin-ockenburgh;"Kijkduin / Ockenburgh";"Den Haag";district;default;Zuid-Holland;"Cv-ketel vervangen Kijkduin of Ockenburgh? Offertecheck";"Cv-ketel vervangen, storing of lekkage in Kijkduin/Ockenburgh? Doe de ketelcheck en ontvang advies of een passende offerte.";"Ketelcheck Kijkduin/Ockenburgh";"Cv-ketel vervangen in Kijkduin of Ockenburgh?";"Bij grotere woningen of oudere installaties kan vervangen slimmer zijn dan blijven repareren. Doe de ketelcheck en krijg snel richting.";"Extra belangrijk bij grotere woningen";"In Kijkduin en Ockenburgh spelen comfort, warmwaterbehoefte en capaciteit vaak een grotere rol. Bij storing, drukverlies of hoge energiekosten is het verstandig om reparatie en vervanging goed te vergelijken.";"Kijkduin en Ockenburgh liggen in Den Haag. KetelOfferte24.nl helpt bewoners met een eigen cv-ketel bij vervanging, storing, lekkage en warmwaterproblemen.";"<h2>Cv-ketel vervangen in Kijkduin en Ockenburgh</h2><p>In grotere woningen is voldoende warm water en betrouwbare verwarming belangrijk. Een oude ketel die vaak storing geeft of hoge kosten veroorzaakt, kan een signaal zijn dat vervangen logischer is dan repareren.</p><h2>Capaciteit en comfort</h2><p>Bij vervanging telt niet alleen de ketel zelf, maar ook warmwatergebruik, woninggrootte, isolatie, rookgasafvoer en plek van de installatie. Foto’s helpen om de aanvraag concreter te maken.</p><h2>Storing of lekkage eerst beoordelen</h2><p>Een jonge ketel met een duidelijke storing kan vaak gerepareerd worden. Bij herhaling of ouderdom wordt vergelijken belangrijker.</p><h2>Relevante routes</h2><p>Bekijk ook <a href=""/den-haag/"">cv-ketel hulp in Den Haag</a>, <a href=""/cv-ketel-storing-zuid-holland/"">cv-ketel storing</a>, <a href=""/geen-warm-water-zuid-holland/"">geen warm water</a>, <a href=""/drukverlies-cv-ketel-zuid-holland/"">drukverlies</a>, <a href=""/cv-ketel-lekt-zuid-holland/"">lekkage</a> en <a href=""/cv-ketel-vervangen-zuid-holland/"">cv-ketel vervangen</a>.</p>";"<h2>Veelgestelde vragen over cv-ketels in Kijkduin en Ockenburgh</h2><h3>Wanneer is vervangen slim?</h3><p>Bij oude ketels, hoge energiekosten, terugkerende storing of onvoldoende warmwatercomfort.</p><h3>Moet ik weten welke ketel ik nodig heb?</h3><p>Nee, de ketelcheck helpt om de situatie eerst duidelijk te maken.</p><h3>Welke foto’s zijn nuttig?</h3><p>Ketel, typeplaatje, leidingen, rookgasafvoer en ketelruimte.</p><h3>Kan reparatie nog voldoende zijn?</h3><p>Ja, vooral bij jongere ketels met een eenmalig defect.</p><h3>Is de offerte verplichtend?</h3><p>Nee, de aanvraag is bedoeld om duidelijkheid te krijgen.</p>";1
10;leidschenveen;Leidschenveen;"Den Haag";district;default;Zuid-Holland;"Cv-ketel vervangen Leidschenveen? Storing of hoge kosten";"Cv-ketel storing, oude ketel of hoge energiekosten in Leidschenveen? Doe de ketelcheck en vergelijk reparatie of vervangen.";"Ketelcheck Leidschenveen";"Cv-ketel vervangen in Leidschenveen?";"Twijfelt u door storing, drukverlies, lawaai of hoge energiekosten? Start de ketelcheck en ontvang advies of een offerte.";"Slim kiezen bij storing of hoge energiekosten";"In Leidschenveen kan een cv-ketel na jaren gebruik minder betrouwbaar of minder zuinig worden. De ketelcheck helpt om storing, leeftijd, comfort en kosten samen te bekijken.";"Leidschenveen ligt in Den Haag. KetelOfferte24.nl helpt bewoners met een eigen cv-ketel bij storing, onderhoud, vervanging en offertevragen.";"<h2>Cv-ketelproblemen in Leidschenveen</h2><p>Heeft uw ketel storing, maakt hij lawaai of stijgen de energiekosten? Dan is het verstandig om niet alleen de storing op te lossen, maar ook te kijken of vervanging op termijn slimmer is.</p><h2>Repareren of vervangen vergelijken</h2><p>Bij een relatief jonge ketel is reparatie vaak logisch. Bij een oudere ketel met terugkerende klachten of lage efficiëntie kan vervangen financieel aantrekkelijker worden.</p><h2>Maak de aanvraag compleet</h2><p>Geef ketelleeftijd, klacht, woningtype en foto’s door. Dat helpt bij een betere inschatting van reparatie of vervanging.</p><h2>Relevante routes</h2><p>Bekijk ook <a href=""/den-haag/"">cv-ketel hulp in Den Haag</a>, <a href=""/cv-ketel-storing-zuid-holland/"">cv-ketel storing</a>, <a href=""/geen-warm-water-zuid-holland/"">geen warm water</a>, <a href=""/drukverlies-cv-ketel-zuid-holland/"">drukverlies</a>, <a href=""/cv-ketel-lekt-zuid-holland/"">lekkage</a> en <a href=""/cv-ketel-vervangen-zuid-holland/"">cv-ketel vervangen</a>.</p>";"<h2>Veelgestelde vragen over cv-ketels in Leidschenveen</h2><h3>Waarom stijgen mijn energiekosten?</h3><p>Een oude of slecht werkende ketel kan minder efficiënt zijn, maar ook woninggebruik speelt mee.</p><h3>Kan ik vrijblijvend vergelijken?</h3><p>Ja, de ketelcheck helpt eerst met duidelijkheid.</p><h3>Wat bij drukverlies?</h3><p>Terugkerend drukverlies kan wijzen op lekkage of een defect onderdeel.</p><h3>Wanneer is vervangen logisch?</h3><p>Bij ouderdom, herhaalde storingen of dure reparaties.</p><h3>Moet een monteur gecertificeerd zijn?</h3><p>Voor werkzaamheden aan gasverbrandingsinstallaties hoort een CO-gecertificeerd bedrijf te worden ingeschakeld.</p>";1
14;leyenburg-leyweg;"Leyenburg / Leyweg";"Den Haag";district;default;Zuid-Holland;"Cv-ketel storing Leyenburg of Leyweg? Eigen ketel checken";"Cv-ketel storing of geen warm water in Leyenburg/Leyweg? Doe de ketelcheck als uw woning een eigen cv-ketel heeft.";"Ketelcheck Leyenburg/Leyweg";"Cv-ketel storing in Leyenburg of Leyweg?";"Heeft uw woning een eigen cv-ketel en ervaart u storing, lekkage, drukverlies of geen warm water? Start de ketelcheck.";"Alleen relevant bij een eigen cv-installatie";"In Leyenburg en rond de Leyweg kan de verwarmingssituatie verschillen. Sommige woningen hebben een eigen cv-ketel, andere maken gebruik van collectieve warmte of afspraken via verhuurder of VvE.";"Leyenburg en Leyweg liggen in Den Haag. KetelOfferte24.nl helpt bewoners met een eigen cv-ketel bij storing, lekkage, geen warm water en vervangen.";"<h2>Cv-ketelproblemen in Leyenburg en Leyweg</h2><p>Heeft u een eigen cv-ketel en merkt u storing, drukverlies of geen warm water? Dan kunt u met de ketelcheck snel duidelijk maken wat er speelt.</p><h2>Eigen ketel of collectieve verwarming?</h2><p>Controleer eerst of u zelf verantwoordelijk bent voor de cv-ketel. Bij collectieve verwarming, blokverwarming of VvE-afspraken kan de route anders zijn.</p><h2>Reparatie of vervanging</h2><p>Bij een oude ketel of terugkerende storingen kan vervangen verstandiger zijn. Bij een jonge ketel kan reparatie vaak voldoende zijn.</p><h2>Relevante routes</h2><p>Bekijk ook <a href=""/den-haag/"">cv-ketel hulp in Den Haag</a>, <a href=""/cv-ketel-storing-zuid-holland/"">cv-ketel storing</a>, <a href=""/geen-warm-water-zuid-holland/"">geen warm water</a>, <a href=""/drukverlies-cv-ketel-zuid-holland/"">drukverlies</a>, <a href=""/cv-ketel-lekt-zuid-holland/"">lekkage</a> en <a href=""/cv-ketel-vervangen-zuid-holland/"">cv-ketel vervangen</a>.</p>";"<h2>Veelgestelde vragen over cv-ketels in Leyenburg en Leyweg</h2><h3>Is de ketelcheck geschikt bij collectieve verwarming?</h3><p>Nee, de check is vooral bedoeld voor woningen met een eigen cv-ketel.</p><h3>Wat als ik huurder ben?</h3><p>Controleer wie verantwoordelijk is voor onderhoud en reparatie.</p><h3>Kan ik foto’s meesturen?</h3><p>Ja, foto’s van ketel en typeplaatje helpen.</p><h3>Wanneer is vervangen verstandig?</h3><p>Bij oudere ketels of terugkerende storing.</p><h3>Wat bij gaslucht?</h3><p>Neem direct veiligheidsmaatregelen en schakel passende hulp in.</p>";1
4;loosduinen;Loosduinen;"Den Haag";district;default;Zuid-Holland;"Cv-ketel storing Loosduinen? Reparatie of vervangen checken";"Cv-ketel storing, drukverlies of geen warm water in Loosduinen? Doe de ketelcheck en ontvang advies of een passende offerte.";"Ketelcheck Loosduinen";"Cv-ketel storing in Loosduinen?";"Heeft u in Loosduinen last van storing, drukverlies, lekkage of geen warm water? Start de ketelcheck en krijg snel duidelijkheid.";"Snel weten of repareren of vervangen verstandig is";"In Loosduinen staan verschillende woningtypen, van gezinswoningen tot appartementen. Bij een oude of storende cv-ketel is het slim om niet alleen naar de klacht te kijken, maar ook naar leeftijd, comfort en kosten.";"Loosduinen valt binnen Den Haag. KetelOfferte24.nl helpt bewoners met een eigen cv-installatie bij storing, lekkage, drukverlies, geen warm water en vervangen.";"<h2>Cv-ketelproblemen in Loosduinen</h2><p>Heeft u in Loosduinen geen warm water, drukverlies of een ketel die storing geeft? Dan wilt u snel weten wat verstandig is. De oorzaak kan een defect onderdeel zijn, maar ook ouderdom of achterstallig onderhoud.</p><h2>Reparatie of vervanging</h2><p>Een jonge ketel kan vaak gerepareerd worden. Bij een oude ketel met terugkerende storingen, lekkage of hoge energiekosten kan vervangen een betere keuze zijn.</p><h2>Maak de aanvraag compleet</h2><p>Vul klacht, urgentie, ketelleeftijd en postcode in. Foto’s van display, typeplaatje en ketelplek helpen bij een betere beoordeling.</p><h2>Relevante routes</h2><p>Bekijk ook <a href=""/den-haag/"">cv-ketel hulp in Den Haag</a>, <a href=""/cv-ketel-storing-zuid-holland/"">storing</a>, <a href=""/geen-warm-water-zuid-holland/"">geen warm water</a>, <a href=""/drukverlies-cv-ketel-zuid-holland/"">drukverlies</a> en <a href=""/cv-ketel-vervangen-zuid-holland/"">vervangen</a>.</p>";"<h2>Veelgestelde vragen over cv-ketels in Loosduinen</h2><h3>Kan ik advies krijgen zonder direct opdracht?</h3><p>Ja, de ketelcheck is vrijblijvend.</p><h3>Wanneer is vervangen verstandig?</h3><p>Bij oudere ketels, terugkerende storingen of hoge kosten.</p><h3>Wat als ik geen warm water heb?</h3><p>Geef aan of de verwarming nog werkt en of er een foutcode is.</p><h3>Moet ik foto’s meesturen?</h3><p>Dat is niet verplicht, maar helpt wel.</p><h3>Wat bij gaslucht?</h3><p>Neem direct veiligheidsmaatregelen en schakel passende hulp in.</p>";1
8;mariahoeve-en-marlot;"Mariahoeve en Marlot";"Den Haag";district;default;Zuid-Holland;"Cv-ketel storing Mariahoeve of Marlot? Ketelcheck";"Cv-ketel storing, drukverlies of geen warm water in Mariahoeve/Marlot? Doe de ketelcheck en ontvang snel duidelijkheid.";"Ketelcheck Mariahoeve/Marlot";"Cv-ketel storing in Mariahoeve of Marlot?";"Heeft uw ketel storing, lekkage, drukverlies of geen warm water? Doe de ketelcheck en krijg duidelijkheid over repareren of vervangen.";"Een duidelijke keuze bij een oude of storende ketel";"In Mariahoeve en Marlot kan de verwarmingssituatie verschillen per woning. Bij een eigen cv-ketel helpt de ketelcheck om klachten, ketelleeftijd en foto’s te combineren voor een betere beoordeling.";"Mariahoeve en Marlot liggen in Den Haag. KetelOfferte24.nl helpt bij cv-ketelstoringen, lekkage, drukverlies, geen warm water en vervanging.";"<h2>Cv-ketelproblemen in Mariahoeve en Marlot</h2><p>Een ketel die storing geeft, druk verliest of lawaai maakt, kan wijzen op een defect onderdeel, ouderdom of onderhoudsachterstand. Met een complete aanvraag wordt sneller duidelijk wat logisch is.</p><h2>Woningtype en installatie</h2><p>Appartementen, gezinswoningen en oudere installaties vragen elk om een andere beoordeling. Geef daarom aan wat voor woning u heeft en stuur foto’s mee.</p><h2>Repareren of vervangen</h2><p>Bij terugkerende storingen of een oude ketel kan vervangen verstandiger worden. Bij een jongere ketel is reparatie vaak voldoende.</p><h2>Relevante routes</h2><p>Bekijk ook <a href=""/den-haag/"">cv-ketel hulp in Den Haag</a>, <a href=""/cv-ketel-storing-zuid-holland/"">cv-ketel storing</a>, <a href=""/geen-warm-water-zuid-holland/"">geen warm water</a>, <a href=""/drukverlies-cv-ketel-zuid-holland/"">drukverlies</a>, <a href=""/cv-ketel-lekt-zuid-holland/"">lekkage</a> en <a href=""/cv-ketel-vervangen-zuid-holland/"">cv-ketel vervangen</a>.</p>";"<h2>Veelgestelde vragen over cv-ketels in Mariahoeve en Marlot</h2><h3>Kan ik bij lawaai uit de ketel een aanvraag doen?</h3><p>Ja, lawaai kan wijzen op een probleem dat beoordeeld moet worden.</p><h3>Wat bij drukverlies?</h3><p>Noteer hoe vaak u bijvult en stuur een foto van de drukmeter mee.</p><h3>Is vervangen altijd nodig?</h3><p>Nee, dat hangt af van leeftijd en oorzaak.</p><h3>Kan ik als appartementbewoner aanvragen?</h3><p>Ja, als u een eigen cv-ketel heeft.</p><h3>Wat bij gevaarlijke signalen?</h3><p>Bij gaslucht, rook of koolmonoxidevermoeden gaat veiligheid altijd voor.</p>";1
6;moerwijk;Moerwijk;"Den Haag";district;default;Zuid-Holland;"Cv-ketel storing Moerwijk? Geen warm water of drukverlies";"Cv-ketel storing, geen warm water, lekkage of drukverlies in Moerwijk? Doe de ketelcheck en ontvang snel duidelijkheid.";"Ketelcheck Moerwijk";"Cv-ketel storing in Moerwijk?";"Geen warm water, drukverlies, lekkage of een oude ketel? Vul de ketelcheck in en ontvang duidelijkheid over de vervolgstap.";"Geen gedoe bij storing, lekkage of drukverlies";"Heeft u in Moerwijk last van een oude cv-ketel, drukverlies, lawaai of geen warm water? Dan helpt de ketelcheck om snel te bepalen of repareren of vervangen logisch is.";"Moerwijk ligt in Den Haag. KetelOfferte24.nl helpt bewoners met een eigen cv-ketel bij storing, lekkage, warmwaterproblemen en vervanging.";"<h2>Cv-ketelproblemen in Moerwijk</h2><p>In Moerwijk kunnen klachten zoals geen warm water, drukverlies, lekkage of storing snel voor overlast zorgen. Een duidelijke aanvraag helpt om oorzaak en vervolgstap sneller te bepalen.</p><h2>Huurwoning of eigen ketel</h2><p>Controleer wie verantwoordelijk is voor de cv-ketel. Heeft u een eigen ketel of mag u zelf een aanvraag doen, stuur dan zo veel mogelijk informatie mee.</p><h2>Repareren of vervangen</h2><p>Bij oudere ketels of terugkerende storingen is vervangen soms verstandiger dan blijven repareren. De ketelcheck helpt bij deze afweging.</p><h2>Relevante routes</h2><p>Bekijk ook <a href=""/den-haag/"">cv-ketel hulp in Den Haag</a>, <a href=""/cv-ketel-storing-zuid-holland/"">cv-ketel storing</a>, <a href=""/geen-warm-water-zuid-holland/"">geen warm water</a>, <a href=""/drukverlies-cv-ketel-zuid-holland/"">drukverlies</a>, <a href=""/cv-ketel-lekt-zuid-holland/"">lekkage</a> en <a href=""/cv-ketel-vervangen-zuid-holland/"">cv-ketel vervangen</a>.</p>";"<h2>Veelgestelde vragen over cv-ketels in Moerwijk</h2><h3>Wat als mijn ketel steeds uitvalt?</h3><p>Terugkerende uitval moet worden beoordeeld en kan op slijtage wijzen.</p><h3>Kan ik foto’s meesturen?</h3><p>Ja, foto’s van foutcode, ketel en typeplaatje helpen.</p><h3>Wanneer is lekkage urgent?</h3><p>Bij veel water of water bij elektra moet u direct veiligheidsmaatregelen nemen.</p><h3>Kan vervangen goedkoper zijn?</h3><p>Op termijn soms wel, vooral bij oude ketels met dure reparaties.</p><h3>Is de aanvraag vrijblijvend?</h3><p>Ja, u krijgt eerst duidelijkheid.</p>";1
7;scheveningen;Scheveningen;"Den Haag";district;default;Zuid-Holland;"Cv-ketel storing Scheveningen? Kust, lekkage of warm water";"Cv-ketel storing, lekkage of geen warm water in Scheveningen? Doe de ketelcheck en ontvang advies over reparatie of vervangen.";"Ketelcheck Scheveningen";"Cv-ketel storing in Scheveningen?";"Woont u dicht bij de kust en heeft u storing, drukverlies, lekkage of geen warm water? Doe de ketelcheck en ontvang snel duidelijkheid.";"Cv-ketelproblemen aan de kust vragen aandacht";"In Scheveningen kunnen kustklimaat, appartementen, oudere installaties en beperkte ketelruimte invloed hebben op cv-ketelproblemen. De ketelcheck helpt om klacht, woningtype en ketelplek duidelijk door te geven.";"Scheveningen valt binnen Den Haag. KetelOfferte24.nl helpt bewoners met een eigen cv-ketel bij storing, lekkage, drukverlies, geen warm water en vervangen.";"<h2>Cv-ketelproblemen in Scheveningen</h2><p>In Scheveningen spelen cv-ketelproblemen vaak in appartementen, oudere woningen en woningen dicht bij de kust. Vocht, windbelasting en oudere rookgasafvoer kunnen extra aandacht vragen bij beoordeling of vervanging.</p><h2>Storing, lekkage of drukverlies</h2><p>Geeft de ketel foutcodes, zakt de druk of ziet u lekkage? Stuur foto’s mee van display, ketel en plek waar de ketel hangt. Zo kan sneller worden beoordeeld of reparatie of vervanging logisch is.</p><h2>Appartement of eigen ketel</h2><p>Controleer bij appartementen of u een eigen cv-ketel heeft en of er VvE-afspraken zijn. Bij collectieve systemen ligt de route anders.</p><h2>Relevante routes</h2><p>Bekijk ook <a href=""/den-haag/"">cv-ketel hulp in Den Haag</a>, <a href=""/cv-ketel-storing-zuid-holland/"">storing</a>, <a href=""/cv-ketel-lekt-zuid-holland/"">lekkage</a>, <a href=""/drukverlies-cv-ketel-zuid-holland/"">drukverlies</a> en <a href=""/gecertificeerde-cv-monteur-zuid-holland/"">gecertificeerde cv-monteur</a>.</p>";"<h2>Veelgestelde vragen over cv-ketels in Scheveningen</h2><h3>Heeft kustklimaat invloed op cv-ketels?</h3><p>Vocht en ligging kunnen extra aandacht vragen, vooral bij oudere installaties en rookgasafvoer.</p><h3>Kan ik als appartementbewoner aanvragen?</h3><p>Ja, als u een eigen cv-ketel heeft. Check VvE- of verhuurafspraken.</p><h3>Welke klacht moet ik kiezen?</h3><p>Kies wat het meest past: storing, lekkage, drukverlies, geen warm water of oude ketel.</p><h3>Wanneer is veiligheid belangrijk?</h3><p>Bij gaslucht, rook of koolmonoxidevermoeden moet u direct veiligheidsmaatregelen nemen.</p><h3>Kan vervangen logischer zijn?</h3><p>Bij oudere ketels, terugkerende storing of lekkage kan vervangen verstandiger zijn.</p>";1
5;schilderswijk-schildersbuurt;"Schilderswijk / Schildersbuurt";"Den Haag";district;default;Zuid-Holland;"Cv-ketel storing Schilderswijk? Geen warm water of lekkage";"Cv-ketel storing, lekkage of geen warm water in de Schilderswijk? Doe de ketelcheck en ontvang binnen 24 uur duidelijkheid.";"Ketelcheck Schilderswijk";"Cv-ketel storing in de Schilderswijk?";"Geen warm water, lekkage, drukverlies of een ketel die uitvalt? Doe de ketelcheck voor de Schilderswijk en ontvang snel duidelijkheid.";"Duidelijkheid bij cv-ketelproblemen in oudere woningen";"In de Schilderswijk en Schildersbuurt kunnen cv-ketelproblemen snel veel overlast geven. Denk aan koude radiatoren, geen warm water, lekkage of een ketel die steeds uitvalt. Met de ketelcheck brengt u de situatie duidelijk in kaart.";"De Schilderswijk ligt in Den Haag. KetelOfferte24.nl helpt bewoners met een eigen cv-ketel bij storing, lekkage, warmwaterproblemen en vervanging.";"<h2>Cv-ketelproblemen in de Schilderswijk</h2><p>In oudere woningen en appartementen kunnen storingen extra vervelend zijn. Geen warm water, drukverlies of lekkage vraagt om een duidelijke beoordeling van ketel, leidingen en woonsituatie.</p><h2>Eigen ketel, huurwoning of beheerder</h2><p>Woont u in een huurwoning? Controleer wie verantwoordelijk is voor de cv-ketel. Heeft u een eigen ketel of mag u zelf een aanvraag doen, vul dan de ketelcheck in met klacht en foto’s.</p><h2>Repareren of vervangen</h2><p>Bij terugkerende storing, oude ketels of lekkage kan vervangen logischer zijn dan blijven repareren. De ketelcheck helpt om die keuze beter te maken.</p><h2>Relevante routes</h2><p>Bekijk ook <a href=""/den-haag/"">cv-ketel hulp in Den Haag</a>, <a href=""/geen-warm-water-zuid-holland/"">geen warm water</a>, <a href=""/cv-ketel-lekt-zuid-holland/"">lekkage</a>, <a href=""/cv-ketel-storing-zuid-holland/"">storing</a> en <a href=""/cv-ketel-vervangen-zuid-holland/"">vervangen</a>.</p>";"<h2>Veelgestelde vragen over cv-ketels in de Schilderswijk</h2><h3>Kan ik als huurder een aanvraag doen?</h3><p>Controleer eerst wie verantwoordelijk is voor de ketel. Soms loopt dit via verhuurder of beheerder.</p><h3>Wat bij geen warm water?</h3><p>Geef aan of verwarming nog werkt en of er een foutcode is.</p><h3>Is lekkage urgent?</h3><p>Bij veel water of water bij elektra moet u direct veiligheidsmaatregelen nemen.</p><h3>Wanneer is vervangen verstandig?</h3><p>Bij oude ketels, herhaalde storingen of hoge reparatiekosten.</p><h3>Kan ik foto’s toevoegen?</h3><p>Ja, dat helpt om de situatie sneller te beoordelen.</p>";1
11;spoorwijk-laakkwartier;"Spoorwijk / Laakkwartier";"Den Haag";district;default;Zuid-Holland;"Cv-ketel storing Spoorwijk of Laakkwartier? Ketelcheck";"Cv-ketel storing, lekkage of geen warm water in Spoorwijk/Laakkwartier? Doe de ketelcheck en ontvang snel duidelijkheid.";"Ketelcheck Spoorwijk/Laakkwartier";"Cv-ketel storing in Spoorwijk of Laakkwartier?";"Heeft u geen warm water, lekkage, drukverlies of een ketel die steeds uitvalt? Start de ketelcheck en ontvang duidelijkheid.";"Snel handelen bij cv-ketelproblemen";"In Spoorwijk en Laakkwartier kan een cv-ketelstoring snel veel overlast geven. Door foutcode, klacht, ketelleeftijd en foto’s door te geven, wordt sneller duidelijk of reparatie of vervanging logisch is.";"Spoorwijk en Laakkwartier liggen in Den Haag. KetelOfferte24.nl helpt bewoners met een eigen cv-ketel bij storing, lekkage en warmwaterproblemen.";"<h2>Cv-ketelproblemen in Spoorwijk en Laakkwartier</h2><p>Geen warm water, koude radiatoren, lekkage of een ketel die uitvalt zijn klachten die snel duidelijkheid vragen. In woningen met een eigen cv-ketel kunt u de situatie via de ketelcheck doorgeven.</p><h2>Maak het probleem concreet</h2><p>Geef aan of het gaat om storing, lekkage, drukverlies, lawaai of een oude ketel. Foto’s van display, typeplaatje en waterdruk maken de aanvraag sterker.</p><h2>Repareren of vervangen</h2><p>Eenmalige storing kan vaak gerepareerd worden. Bij oudere ketels of terugkerende problemen is vervangen soms verstandiger.</p><h2>Relevante routes</h2><p>Bekijk ook <a href=""/den-haag/"">cv-ketel hulp in Den Haag</a>, <a href=""/cv-ketel-storing-zuid-holland/"">storing</a>, <a href=""/geen-warm-water-zuid-holland/"">geen warm water</a>, <a href=""/drukverlies-cv-ketel-zuid-holland/"">drukverlies</a> en <a href=""/cv-ketel-vervangen-zuid-holland/"">vervangen</a>.</p>";"<h2>Veelgestelde vragen over cv-ketels in Spoorwijk en Laakkwartier</h2><h3>Kan ik bij storing direct de ketelcheck invullen?</h3><p>Ja, vermeld foutcode, druk en klacht.</p><h3>Wat als mijn ketel steeds uitvalt?</h3><p>Terugkerende uitval moet worden beoordeeld en kan op slijtage wijzen.</p><h3>Welke foto’s zijn handig?</h3><p>Display, typeplaatje, drukmeter en ketelruimte.</p><h3>Wanneer is vervangen beter?</h3><p>Bij oude ketels, hoge kosten of terugkerende storingen.</p><h3>Wat bij onveilige signalen?</h3><p>Bij gaslucht, rook of koolmonoxidevermoeden moet veiligheid eerst.</p>";1
15;zuiderpark;Zuiderpark;"Den Haag";district;default;Zuid-Holland;"Cv-ketel storing rondom Zuiderpark? Ketelcheck";"Cv-ketel storing, drukverlies of geen warm water rondom Zuiderpark Den Haag? Doe de ketelcheck voor duidelijk advies.";"Ketelcheck Zuiderpark";"Cv-ketel storing rondom Zuiderpark?";"Heeft u een eigen cv-ketel en last van storing, lekkage, drukverlies of geen warm water? Start de ketelcheck.";"Gericht advies als uw woning een eigen cv-ketel heeft";"Rondom Zuiderpark verschilt de verwarmingssituatie per woning. Bij een eigen cv-ketel helpt de ketelcheck om de klacht concreet te maken en sneller duidelijkheid te krijgen.";"Zuiderpark ligt in Den Haag. KetelOfferte24.nl helpt bewoners met een eigen cv-ketel bij storing, lekkage, drukverlies, geen warm water en vervangen.";"<h2>Cv-ketelproblemen rondom Zuiderpark</h2><p>Rondom Zuiderpark kunnen cv-ketelproblemen variëren van geen warm water tot drukverlies, lekkage of een ketel die steeds storing geeft. Met de ketelcheck geeft u snel door wat er speelt.</p><h2>Eigen cv-ketel controleren</h2><p>De aanvraag is vooral bedoeld voor woningen met een eigen cv-ketel. Bij collectieve warmte of verhuurafspraken kan de route anders zijn.</p><h2>Repareren of vervangen</h2><p>Bij een jonge ketel is reparatie vaak logisch. Bij een oude ketel of terugkerende klachten kan vervangen verstandiger zijn.</p><h2>Relevante routes</h2><p>Bekijk ook <a href=""/den-haag/"">cv-ketel hulp in Den Haag</a>, <a href=""/cv-ketel-storing-zuid-holland/"">cv-ketel storing</a>, <a href=""/geen-warm-water-zuid-holland/"">geen warm water</a>, <a href=""/drukverlies-cv-ketel-zuid-holland/"">drukverlies</a>, <a href=""/cv-ketel-lekt-zuid-holland/"">lekkage</a> en <a href=""/cv-ketel-vervangen-zuid-holland/"">cv-ketel vervangen</a>.</p>";"<h2>Veelgestelde vragen over cv-ketels rondom Zuiderpark</h2><h3>Is dit voor woningen met een eigen ketel?</h3><p>Ja, de ketelcheck is vooral bedoeld voor een eigen cv-installatie.</p><h3>Wat bij geen warm water?</h3><p>Vul in of verwarming nog werkt en of er een foutcode is.</p><h3>Kan drukverlies wijzen op lekkage?</h3><p>Ja, ook kleine lekkages kunnen drukverlies veroorzaken.</p><h3>Wanneer is vervangen verstandig?</h3><p>Bij oudere ketels of herhaalde storingen.</p><h3>Wat bij gaslucht?</h3><p>Neem direct veiligheidsmaatregelen en schakel passende hulp in.</p>";1
42;leiden;Leiden;Leiden;city;city;Zuid-Holland;"Cv-ketel problemen in Leiden? Storing, lekkage of warm water";"Cv-ketel storing, lekkage, drukverlies of geen warm water in Leiden? Doe de gratis ketelcheck en ontvang binnen 24 uur duidelijkheid.";"Cv-ketel hulp in Leiden";"Cv-ketel storing, lekkage of geen warm water in Leiden?";"Heeft u in Leiden last van een storing, lekkage, drukverlies of geen warm water? Met de ketelcheck geeft u snel door wat er speelt en ontvangt u duidelijkheid over repareren of vervangen.";"Snel duidelijkheid bij cv-ketelproblemen in Leiden";"Leiden heeft veel oudere stadswoningen, appartementen en compacte installaties. Dat maakt een goede beoordeling van ketelleeftijd, bereikbaarheid en rookgasafvoer extra belangrijk. Met foto’s en een korte toelichting wordt sneller duidelijk welke vervolgstap logisch is.";"KetelOfferte24.nl helpt bij cv-ketelproblemen in Leiden en omgeving, van storing en drukverlies tot lekkage, geen warm water en vervangen.";"<h2>Veelvoorkomende cv-ketelproblemen in Leiden</h2><p>In Leiden zien bewoners vaak problemen zoals foutcodes, drukverlies, geen warm water, lawaai of lekkage bij de cv-ketel. In oudere stadswoningen en appartementen kan de installatie bovendien op een krappe plek hangen. Daardoor is het extra nuttig om foto’s en ketelinformatie mee te sturen.</p><h2>Oude stadswoning of appartement</h2><p>Bij oudere woningen kan de staat van leidingen, rookgasafvoer en ventilatie invloed hebben op de oplossing. Woont u in een appartement, controleer dan of u een eigen cv-ketel heeft of dat er afspraken zijn met verhuurder of VvE. De ketelcheck helpt om deze context direct mee te nemen.</p><h2>Repareren of vervangen in Leiden</h2><p>Een eenmalige storing bij een jonge ketel hoeft niet direct vervanging te betekenen. Maar bij terugkerende klachten, lekkage of een ketel op leeftijd kan vervangen verstandiger zijn. Door de klacht, leeftijd en foto’s te combineren, ontstaat sneller een realistisch beeld van de beste vervolgstap.</p><h2>Veiligheid en CO-certificering</h2><p>Bij gaslucht of koolmonoxidevermoeden moet u direct veiligheidsmaatregelen nemen. Voor werkzaamheden aan gasverbrandingsinstallaties zoals cv-ketels hoort een CO-gecertificeerd bedrijf te worden ingeschakeld. Controleer dit bij de uitvoerende partij.</p>";"<h2>Veelgestelde vragen over cv-ketels in Leiden</h2><h3>Wat moet ik invullen bij een foutcode?</h3><p>Vul de code in bij de toelichting en stuur eventueel een foto van het display mee.</p><h3>Is drukverlies ernstig?</h3><p>Terugkerend drukverlies kan wijzen op lekkage, expansievatproblemen of een ander defect. Laat dit beoordelen.</p><h3>Kan ik ook advies krijgen over vervangen?</h3><p>Ja, zeker bij oudere ketels of terugkerende storingen kan de aanvraag richting geven.</p><h3>Is dit geschikt voor huurwoningen?</h3><p>Dat hangt af van verantwoordelijkheid voor de cv-ketel. Stem bij huur eerst af met verhuurder als dat nodig is.</p><h3>Wat gebeurt er na de ketelcheck?</h3><p>U ontvangt binnen 24 uur duidelijkheid, advies of een passende offerte wanneer dat logisch is.</p>";1
50;cv-ketel-vervangen-leiden;Leiden;Leiden;city;city;Zuid-Holland;"Cv-ketel vervangen in Leiden? Advies en offerte";"Cv-ketel vervangen in Leiden? Vergelijk repareren of vervangen en ontvang binnen 24 uur advies of een passende offerte via de ketelcheck.";"Cv-ketel vervangen Leiden";"Cv-ketel vervangen in Leiden?";"Is uw cv-ketel oud, storingsgevoelig of niet meer zuinig? Doe de ketelcheck en ontvang duidelijkheid over vervangen, repareren of een passende offerte in Leiden.";"Cv-ketel vervangen in Leiden";"Bij oude ketels, terugkerende storingen of hoge energiekosten is vervangen soms verstandiger dan repareren. De ketelcheck helpt om die keuze concreet te maken en een betere offerte voor te bereiden.";"KetelOfferte24.nl helpt bewoners in Leiden bij het beoordelen van oude cv-ketels en het aanvragen van een passende offerte voor vervanging.";"<h2>Wanneer een cv-ketel vervangen in Leiden?</h2><p>Een cv-ketel vervangen wordt interessant als de ketel oud is, vaak storing geeft, lekt of niet meer zuinig werkt. Ook als reparaties elkaar snel opvolgen, kan een nieuwe ketel financieel verstandiger zijn. In Leiden speelt daarnaast mee dat oudere woningen en compacte installaties soms extra aandacht vragen bij plaatsing en rookgasafvoer.</p><h2>Reparatie eerst vergelijken</h2><p>Vervangen is niet altijd direct nodig. Een jonge ketel met een los defect kan vaak gerepareerd worden. Daarom kijkt de ketelcheck naar leeftijd, klacht, warm water, verwarming, foutcodes en foto’s. Zo krijgt u niet alleen een offerte, maar eerst een betere inschatting van wat verstandig is.</p><h2>Wat is nodig voor een goede offerte?</h2><p>Voor een betere offerte zijn postcode, woningtype, ketelplek, huidige merk en type, warmwaterbehoefte en foto’s belangrijk. Een foto van het typeplaatje en de rookgasafvoer kan veel verschil maken. Hoe completer uw aanvraag, hoe minder losse vragen achteraf.</p><h2>Veiligheid en certificering</h2><p>Een cv-ketel is een gasverbrandingsinstallatie. Voor installatie, onderhoud, reparatie en ingebruikstelling hoort een CO-gecertificeerd bedrijf te worden ingeschakeld. Controleer dit altijd bij de uitvoerende partij voordat de ketel wordt geplaatst of in bedrijf gesteld.</p>";"<h2>Veelgestelde vragen over cv-ketel vervangen in Leiden</h2><h3>Wanneer is vervangen slimmer dan repareren?</h3><p>Bij oude ketels, terugkerende storingen, lekkage of hoge energiekosten kan vervangen verstandiger zijn.</p><h3>Kan ik eerst advies krijgen?</h3><p>Ja. De ketelcheck is bedoeld om te bepalen of repareren of vervangen logisch is.</p><h3>Welke foto’s zijn handig?</h3><p>Foto’s van de ketel, typeplaatje, leidingen, rookgasafvoer en de ruimte rond de ketel.</p><h3>Is de aanvraag vrijblijvend?</h3><p>Ja, u zit niet direct vast aan een opdracht.</p><h3>Moet de installateur gecertificeerd zijn?</h3><p>Voor werkzaamheden aan gasverbrandingsinstallaties hoort een CO-gecertificeerd bedrijf te worden ingeschakeld.</p>";1
44;binnenstad-noord-leiden;Binnenstad-Noord-Leiden;Leiden;neighborhood;default;Zuid-Holland;"Cv-ketel storing Binnenstad-Noord Leiden? Ketelcheck";"Cv-ketel storing, lekkage of geen warm water in Binnenstad-Noord Leiden? Doe de ketelcheck en ontvang snel duidelijkheid.";"Ketelcheck Binnenstad-Noord Leiden";"Cv-ketel storing in Binnenstad-Noord Leiden?";"Heeft u in Binnenstad-Noord Leiden last van storing, lekkage, drukverlies of geen warm water? Doe de ketelcheck voor duidelijk advies.";"Oude stadswoningen en appartementen vragen om goede beoordeling";"In Binnenstad-Noord Leiden kunnen cv-ketels hangen in oudere panden, appartementen of compacte ruimtes. Bij storing of lekkage is het slim om foto’s van ketel, typeplaatje en ketelplek mee te sturen.";"Binnenstad-Noord ligt in Leiden. KetelOfferte24.nl helpt bewoners met een eigen cv-ketel bij storing, lekkage, drukverlies, geen warm water en vervangen.";"<h2>Cv-ketelproblemen in Binnenstad-Noord Leiden</h2><p>In Binnenstad-Noord Leiden kunnen oudere woningen en appartementen extra aandacht vragen bij cv-ketelproblemen. Denk aan compacte ketelplekken, oude leidingen of installaties die lastig bereikbaar zijn.</p><h2>Storing, lekkage of drukverlies</h2><p>Vul in wat er speelt en stuur foto’s mee van foutcode, drukmeter, typeplaatje en ketelruimte. Daarmee wordt sneller duidelijk of reparatie of vervanging logisch is.</p><h2>Repareren of vervangen</h2><p>Bij jonge ketels is reparatie vaak mogelijk. Bij oudere ketels, lekkage of terugkerende storingen is vervangen soms verstandiger.</p><h2>Relevante routes</h2><p>Bekijk ook <a href=""/leiden/"">cv-ketel hulp in Leiden</a>, <a href=""/cv-ketel-storing-zuid-holland/"">cv-ketel storing</a>, <a href=""/geen-warm-water-zuid-holland/"">geen warm water</a>, <a href=""/drukverlies-cv-ketel-zuid-holland/"">drukverlies</a>, <a href=""/cv-ketel-lekt-zuid-holland/"">lekkage</a> en <a href=""/cv-ketel-vervangen-zuid-holland/"">cv-ketel vervangen</a>.</p>";"<h2>Veelgestelde vragen over cv-ketels in Binnenstad-Noord Leiden</h2><h3>Kan ik foto’s meesturen?</h3><p>Ja, foto’s van ketel, foutcode en typeplaatje helpen bij de beoordeling.</p><h3>Is dit geschikt voor appartementen?</h3><p>Ja, als u een eigen cv-ketel heeft.</p><h3>Wanneer is vervangen slim?</h3><p>Bij oude ketels, terugkerende storing of lekkage.</p><h3>Wat bij drukverlies?</h3><p>Terugkerend drukverlies kan wijzen op lekkage of een defect onderdeel.</p><h3>Wat bij gaslucht?</h3><p>Neem direct veiligheidsmaatregelen en schakel passende hulp in.</p>";1
43;binnenstad-zuid-leiden;Binnenstad-Zuid;Leiden;district;default;Zuid-Holland;"Cv-ketel storing Binnenstad-Zuid Leiden? Snel advies";"Cv-ketel storing, lekkage of geen warm water in Binnenstad-Zuid Leiden? Doe de ketelcheck en ontvang snel duidelijkheid.";"Ketelcheck Binnenstad-Zuid Leiden";"Cv-ketel storing in Binnenstad-Zuid Leiden?";"Woont u in een oudere stadswoning of appartement en geeft uw ketel storing, lekkage of geen warm water? Start de ketelcheck.";"Snel duidelijkheid bij een oude of storende ketel";"Binnenstad-Zuid Leiden heeft veel woningen waar ketelplek, bereikbaarheid en installatiestaat kunnen verschillen. De ketelcheck helpt om uw klacht en woningcontext duidelijk door te geven.";"Binnenstad-Zuid ligt in Leiden. KetelOfferte24.nl helpt bij cv-ketelstoringen, lekkage, warmwaterproblemen en vervanging.";"<h2>Cv-ketelproblemen in Binnenstad-Zuid Leiden</h2><p>Een storing in een oudere stadswoning of appartement vraagt vaak om meer context dan alleen de foutcode. De plek van de ketel, rookgasafvoer en bereikbaarheid kunnen invloed hebben op reparatie of vervanging.</p><h2>Geen warm water of lekkage</h2><p>Geef aan of de verwarming nog werkt, of er drukverlies is en waar eventuele lekkage zichtbaar is. Foto’s maken de aanvraag sterker.</p><h2>Repareren of vervangen</h2><p>Bij terugkerende storingen of een ketel op leeftijd kan vervangen verstandiger zijn dan blijven repareren.</p><h2>Relevante routes</h2><p>Bekijk ook <a href=""/leiden/"">cv-ketel hulp in Leiden</a>, <a href=""/cv-ketel-storing-zuid-holland/"">cv-ketel storing</a>, <a href=""/geen-warm-water-zuid-holland/"">geen warm water</a>, <a href=""/drukverlies-cv-ketel-zuid-holland/"">drukverlies</a>, <a href=""/cv-ketel-lekt-zuid-holland/"">lekkage</a> en <a href=""/cv-ketel-vervangen-zuid-holland/"">cv-ketel vervangen</a>.</p>";"<h2>Veelgestelde vragen over cv-ketels in Binnenstad-Zuid Leiden</h2><h3>Is de ketelcheck vrijblijvend?</h3><p>Ja, u krijgt eerst duidelijkheid over de vervolgstap.</p><h3>Wat moet ik invullen bij geen warm water?</h3><p>Vermeld of de verwarming nog werkt en of er een foutcode is.</p><h3>Kan een oude woning vervanging lastiger maken?</h3><p>Soms wel, door bereikbaarheid, rookgasafvoer of ruimte rond de ketel.</p><h3>Welke foto’s helpen?</h3><p>Foto’s van ketel, typeplaatje, foutcode en ketelruimte.</p><h3>Wat bij lekkage?</h3><p>Bij veel water of water bij elektra moet u direct veiligheidsmaatregelen nemen.</p>";1
46;leiden-noord;Leiden-Noord;Leiden;district;default;Zuid-Holland;"Cv-ketel storing Leiden-Noord? Reparatie of vervangen";"Cv-ketel storing, lekkage of drukverlies in Leiden-Noord? Doe de ketelcheck en ontvang advies over reparatie of vervangen.";"Ketelcheck Leiden-Noord";"Cv-ketel storing in Leiden-Noord?";"Geeft uw cv-ketel storing, verliest hij druk of heeft u geen warm water? Doe de ketelcheck voor Leiden-Noord.";"Snel handelen bij cv-ketelproblemen";"In Leiden-Noord kan een storing snel veel overlast geven. Door foutcode, klacht, ketelleeftijd en foto’s mee te sturen, krijgt u sneller duidelijkheid over repareren of vervangen.";"Leiden-Noord ligt in Leiden. KetelOfferte24.nl helpt bewoners met een eigen cv-ketel bij storing, lekkage, drukverlies en vervangen.";"<h2>Cv-ketelproblemen in Leiden-Noord</h2><p>Heeft u geen warm water, drukverlies of een ketel die steeds storing geeft? De ketelcheck brengt de belangrijkste informatie samen zodat de vervolgstap sneller duidelijk wordt.</p><h2>Foto’s en foutcodes</h2><p>Een foto van het display, typeplaatje en de ketelruimte helpt. Geef ook aan hoe vaak het probleem terugkomt.</p><h2>Reparatie of vervanging</h2><p>Bij een jonge ketel kan reparatie logisch zijn. Bij oudere ketels of herhaalde storingen kan vervangen beter passen.</p><h2>Relevante routes</h2><p>Bekijk ook <a href=""/leiden/"">cv-ketel hulp in Leiden</a>, <a href=""/cv-ketel-storing-zuid-holland/"">cv-ketel storing</a>, <a href=""/geen-warm-water-zuid-holland/"">geen warm water</a>, <a href=""/drukverlies-cv-ketel-zuid-holland/"">drukverlies</a>, <a href=""/cv-ketel-lekt-zuid-holland/"">lekkage</a> en <a href=""/cv-ketel-vervangen-zuid-holland/"">cv-ketel vervangen</a>.</p>";"<h2>Veelgestelde vragen over cv-ketels in Leiden-Noord</h2><h3>Wat als mijn ketel steeds storing geeft?</h3><p>Terugkerende storing moet worden beoordeeld en kan op slijtage wijzen.</p><h3>Kan ik foto’s meesturen?</h3><p>Ja, dat helpt bij een betere beoordeling.</p><h3>Wanneer is vervangen verstandig?</h3><p>Bij oude ketels, dure reparaties of herhaalde problemen.</p><h3>Wat bij drukverlies?</h3><p>Noteer hoe vaak u moet bijvullen en stuur een foto van de drukmeter.</p><h3>Is de aanvraag verplichtend?</h3><p>Nee, u krijgt eerst duidelijkheid.</p>";1
47;morsdistrict;Morsdistrict;Leiden;district;default;Zuid-Holland;"Cv-ketel storing Morsdistrict? Eigen ketel checken";"Cv-ketel storing, lekkage of geen warm water in het Morsdistrict? Doe de ketelcheck als u een eigen cv-ketel heeft.";"Ketelcheck Morsdistrict";"Cv-ketel storing in het Morsdistrict?";"Heeft uw woning een eigen cv-ketel en merkt u storing, drukverlies of lekkage? Start de ketelcheck en ontvang duidelijkheid.";"Alleen relevant bij een eigen cv-installatie";"In het Morsdistrict verschilt de verwarmingssituatie per woning. De ketelcheck is vooral bedoeld voor bewoners met een eigen cv-ketel die storing, lekkage of warmwaterproblemen ervaren.";"Het Morsdistrict ligt in Leiden. KetelOfferte24.nl helpt bij cv-ketelproblemen in woningen met een eigen cv-installatie.";"<h2>Cv-ketelproblemen in het Morsdistrict</h2><p>Heeft uw woning een eigen cv-ketel, dan kunt u storing, lekkage, drukverlies of geen warm water via de ketelcheck doorgeven. Bij collectieve verwarming of verhuurafspraken kan de route anders zijn.</p><h2>Eigen ketel of beheerder</h2><p>Controleer wie verantwoordelijk is voor de ketel. Vermeld in de toelichting of u eigenaar, huurder of beheerder bent.</p><h2>Repareren of vervangen</h2><p>Bij een oude ketel of terugkerende storing kan vervangen verstandiger worden. Foto’s helpen om dit beter in te schatten.</p><h2>Relevante routes</h2><p>Bekijk ook <a href=""/leiden/"">cv-ketel hulp in Leiden</a>, <a href=""/cv-ketel-storing-zuid-holland/"">cv-ketel storing</a>, <a href=""/geen-warm-water-zuid-holland/"">geen warm water</a>, <a href=""/drukverlies-cv-ketel-zuid-holland/"">drukverlies</a>, <a href=""/cv-ketel-lekt-zuid-holland/"">lekkage</a> en <a href=""/cv-ketel-vervangen-zuid-holland/"">cv-ketel vervangen</a>.</p>";"<h2>Veelgestelde vragen over cv-ketels in het Morsdistrict</h2><h3>Is dit geschikt bij collectieve verwarming?</h3><p>Nee, de ketelcheck is vooral bedoeld voor een eigen cv-ketel.</p><h3>Kan ik als huurder aanvragen?</h3><p>Controleer eerst wie verantwoordelijk is voor de ketel.</p><h3>Welke klachten kan ik doorgeven?</h3><p>Storing, lekkage, drukverlies, geen warm water, lawaai of oude ketel.</p><h3>Wanneer is vervangen logisch?</h3><p>Bij oude ketels of terugkerende problemen.</p><h3>Wat bij gaslucht?</h3><p>Neem direct veiligheidsmaatregelen.</p>";1
45;noordvest-leiden;Noordvest;Leiden;district;default;Zuid-Holland;"Cv-ketel storing Noordvest Leiden? Snel duidelijkheid";"Cv-ketel storing, lekkage of geen warm water in Noordvest Leiden? Doe de ketelcheck en ontvang advies of een offerte.";"Ketelcheck Noordvest Leiden";"Cv-ketel storing in Noordvest Leiden?";"Geen warm water, drukverlies, lekkage of een ketel die niet betrouwbaar werkt? Start de ketelcheck.";"Geen gedoe bij storing, lekkage of drukverlies";"In Noordvest Leiden helpt de ketelcheck om snel duidelijk te maken wat er speelt met uw cv-ketel. Foto’s en ketelleeftijd helpen bij de afweging tussen repareren en vervangen.";"Noordvest ligt in Leiden. KetelOfferte24.nl helpt bewoners met een eigen cv-ketel bij storing, lekkage, drukverlies en vervanging.";"<h2>Cv-ketelproblemen in Noordvest Leiden</h2><p>Een ketel die druk verliest, lekt of steeds storing geeft, vraagt om een duidelijke beoordeling. Vul klacht, urgentie en ketelleeftijd in en stuur foto’s mee voor een betere inschatting.</p><h2>Repareren of vervangen</h2><p>Bij een jonge ketel kan reparatie voldoende zijn. Bij een oude of onbetrouwbare ketel kan vervangen op termijn verstandiger zijn.</p><h2>Warm water en drukverlies</h2><p>Geef aan of alleen warm water problemen geeft of dat ook verwarming uitvalt. Dit verschil helpt bij de beoordeling.</p><h2>Relevante routes</h2><p>Bekijk ook <a href=""/leiden/"">cv-ketel hulp in Leiden</a>, <a href=""/cv-ketel-storing-zuid-holland/"">cv-ketel storing</a>, <a href=""/geen-warm-water-zuid-holland/"">geen warm water</a>, <a href=""/drukverlies-cv-ketel-zuid-holland/"">drukverlies</a>, <a href=""/cv-ketel-lekt-zuid-holland/"">lekkage</a> en <a href=""/cv-ketel-vervangen-zuid-holland/"">cv-ketel vervangen</a>.</p>";"<h2>Veelgestelde vragen over cv-ketels in Noordvest Leiden</h2><h3>Wat bij geen warm water?</h3><p>Geef aan of de verwarming nog werkt en of er een foutcode is.</p><h3>Kan drukverlies door lekkage komen?</h3><p>Ja, ook kleine lekkages kunnen drukverlies veroorzaken.</p><h3>Welke foto’s zijn handig?</h3><p>Foto’s van ketel, drukmeter, display en typeplaatje.</p><h3>Is vervangen altijd nodig?</h3><p>Nee, dat hangt af van leeftijd en oorzaak.</p><h3>Kan ik vrijblijvend aanvragen?</h3><p>Ja, u ontvangt eerst duidelijkheid.</p>";1
12;leidschendam;Leidschendam;Leidschendam-Voorburg;city;default;Zuid-Holland;"Cv-ketel monteur Leidschendam? Ketelcheck en offerte";"Cv-ketel storing, lekkage of geen warm water in Leidschendam? Doe de gratis ketelcheck en ontvang advies of een passende offerte.";"Cv-ketel hulp in Leidschendam";"Cv-ketel monteur of offerte nodig in Leidschendam?";"Bij storing, lekkage, drukverlies of geen warm water in Leidschendam helpt de ketelcheck om snel te bepalen of reparatie, onderhoud of vervanging logisch is.";"Cv-ketel hulp in Leidschendam";"In Leidschendam gaat het vaak om gezinswoningen, appartementen en oudere ketels waarbij repareren of vervangen zorgvuldig moet worden afgewogen. Vul uw klacht, ketelleeftijd en postcode in en stuur eventueel foto’s mee voor een betere beoordeling.";"KetelOfferte24.nl helpt bij cv-ketelproblemen in Leidschendam en omgeving, waaronder storing, lekkage, geen warm water, onderhoud en vervangen.";"<h2>Cv-ketel storing in Leidschendam</h2><p>Een cv-ketel storing komt nooit gelegen. Soms gaat het om een foutcode, soms om radiatoren die koud blijven of warm water dat wegvalt. In Leidschendam kan de juiste aanpak verschillen per woning en per ketel. Daarom vraagt de ketelcheck naar de klacht, urgentie, ketelleeftijd en locatie.</p><h2>Monteur, reparatie of offerte?</h2><p>Zoekt u een cv-ketel monteur in Leidschendam, dan is het belangrijk om eerst duidelijk te hebben wat nodig is. Een jonge ketel met een duidelijke foutcode kan vaak gerepareerd worden. Een oude ketel met terugkerende storing, lekkage of hoge energiekosten kan juist beter vervangen worden.</p><h2>Voor woningen met eigen cv-ketel</h2><p>De aanvraag is vooral bedoeld voor bewoners met een eigen cv-ketel. Bij appartementen, VvE’s of huurwoningen kan de verantwoordelijkheid anders liggen. Geef daarom in de toelichting aan of u eigenaar, huurder of beheerder bent als dat relevant is.</p><h2>Veilig werken aan cv-ketels</h2><p>Bij gaslucht of koolmonoxidevermoeden moet u direct veiligheidsmaatregelen nemen. Voor werkzaamheden aan gasverbrandingsinstallaties hoort een CO-gecertificeerd bedrijf te worden ingeschakeld. Controleer dit altijd voordat werk wordt uitgevoerd.</p>";"<h2>Veelgestelde vragen over cv-ketels in Leidschendam</h2><h3>Kan ik via de ketelcheck een monteur aanvragen?</h3><p>U kunt uw situatie doorgeven. Daarna wordt duidelijk of reparatie, advies of een offerte logisch is.</p><h3>Wanneer is mijn ketel te oud?</h3><p>Vanaf ongeveer 12 tot 15 jaar wordt vergelijken tussen repareren en vervangen vaak verstandiger.</p><h3>Wat als ik geen warm water heb?</h3><p>Geef aan of de verwarming nog werkt en of er een foutcode zichtbaar is.</p><h3>Kan ik vrijblijvend een offerte krijgen?</h3><p>Ja, de aanvraag is bedoeld om duidelijkheid te krijgen zonder directe verplichting.</p><h3>Waarom is CO-certificering belangrijk?</h3><p>Werkzaamheden aan gasverbrandingsinstallaties moeten veilig en volgens de geldende regels worden uitgevoerd.</p>";1
16;rotterdam;Rotterdam;Rotterdam;city;city;Zuid-Holland;"Cv-ketel vervangen of storing in Rotterdam? Ketelcheck";"Cv-ketel storing, lekkage, geen warm water of vervangen in Rotterdam? Doe de gratis ketelcheck en ontvang binnen 24 uur advies of een passende offerte.";"Cv-ketel hulp in Rotterdam";"Cv-ketel storing, lekkage of vervangen in Rotterdam?";"Geen warm water, drukverlies, lekkage of een oude ketel in Rotterdam? Doe de gratis ketelcheck en ontvang binnen 24 uur duidelijkheid, advies of een passende offerte.";"Snel duidelijkheid bij cv-ketelproblemen in Rotterdam";"Rotterdam heeft veel appartementen, portiekwoningen en oudere installaties. Daarom is het belangrijk om niet alleen naar de klacht te kijken, maar ook naar woningtype, ketelleeftijd, bereikbaarheid en eventuele foto’s.";"KetelOfferte24.nl helpt bij cv-ketelproblemen in Rotterdam en omgeving, waaronder storing, lekkage, drukverlies, geen warm water en het vergelijken van repareren of vervangen.";"<h2>Veelvoorkomende cv-ketelproblemen in Rotterdam</h2><p>In Rotterdam komen cv-ketelproblemen vaak voor in appartementen, portiekwoningen en woningen met oudere installaties. Een storing kan beginnen met een foutcode, wisselende waterdruk of radiatoren die niet goed warm worden. Bij lekkage of steeds terugkerend drukverlies is het verstandig om snel te laten beoordelen wat er aan de hand is.</p><h2>Repareren of vervangen?</h2><p>Bij een jonge ketel is reparatie vaak de eerste logische stap. Bij een oudere cv-ketel, hoge energiekosten of terugkerende storingen kan vervangen financieel verstandiger zijn. Via de ketelcheck geeft u de klacht, leeftijd van de ketel, locatie en eventueel foto’s door. Daarmee kan beter worden ingeschat of repareren nog zinvol is of dat een offerte voor vervanging logischer is.</p><h2>Voor welke woningen is dit relevant?</h2><p>Deze pagina is bedoeld voor bewoners met een eigen cv-ketel in Rotterdam. Denk aan appartementen, eengezinswoningen, benedenwoningen en portiekwoningen. Heeft u collectieve verwarming of stadsverwarming, dan is de aanpak anders en ligt de verantwoordelijkheid vaak bij verhuurder, VvE of beheerder.</p><h2>Veiligheid bij gas en lekkage</h2><p>Ruikt u gas, ziet u veel water bij de ketel of vermoedt u koolmonoxidegevaar? Zet veiligheid eerst. Ventileer, gebruik geen vuur of elektrische schakelaars bij gaslucht en neem direct contact op met de juiste noodpartij. Voor werkzaamheden aan gasverbrandingsinstallaties hoort een CO-gecertificeerd bedrijf te worden ingeschakeld. Controleer dit altijd bij de uitvoerende partij.</p>";"<h2>Veelgestelde vragen over cv-ketels in Rotterdam</h2><h3>Wat moet ik doen bij een cv-ketel storing in Rotterdam?</h3><p>Noteer de foutcode, controleer de waterdruk en doe de ketelcheck. Bij gaslucht of onveilige situaties gaat veiligheid altijd voor.</p><h3>Wanneer is vervangen slimmer dan repareren?</h3><p>Bij een oude ketel, herhaalde storingen of hoge energiekosten kan vervangen verstandiger zijn dan opnieuw repareren.</p><h3>Kan ik foto’s meesturen?</h3><p>Ja, foto’s van de ketel, foutcode, typeplaatje of lekkage helpen om uw aanvraag beter te beoordelen.</p><h3>Is de aanvraag verplichtend?</h3><p>Nee, de ketelcheck is bedoeld om duidelijkheid te krijgen. U zit niet direct vast aan een opdracht.</p><h3>Moet een monteur CO-gecertificeerd zijn?</h3><p>Voor werkzaamheden aan gasverbrandingsinstallaties zoals cv-ketels hoort een gecertificeerd bedrijf te worden ingeschakeld. Controleer dit bij de uitvoerende partij.</p>";1
18;hillegersberg-schiebroek;Hillegersberg-Schiebroek;Rotterdam;district;default;Zuid-Holland;"Cv-ketel vervangen Hillegersberg-Schiebroek? Ketelcheck";"Cv-ketel storing, comfortverlies of hoge kosten in Hillegersberg-Schiebroek? Doe de ketelcheck en vergelijk reparatie of vervangen.";"Ketelcheck Hillegersberg-Schiebroek";"Cv-ketel vervangen in Hillegersberg-Schiebroek?";"Bij comfortverlies, hoge energiekosten of terugkerende storing helpt de ketelcheck om repareren en vervangen te vergelijken.";"Slim kiezen bij storing, comfortverlies of hoge energiekosten";"In Hillegersberg-Schiebroek spelen comfort, woninggrootte en warmwaterbehoefte vaak een belangrijke rol. Een oude of storende ketel kan reden zijn om vervanging serieus te vergelijken.";"Hillegersberg-Schiebroek ligt in Rotterdam. KetelOfferte24.nl helpt bij cv-ketel storing, vervanging, lekkage en warmwaterproblemen.";"<h2>Cv-ketelproblemen in Hillegersberg-Schiebroek</h2><p>Bij grotere woningen en oudere installaties kunnen comfort en warmwatercapaciteit belangrijk zijn. Een ketel die vaak storing geeft of hoge kosten veroorzaakt, kan aan vervanging toe zijn.</p><h2>Reparatie of vervanging vergelijken</h2><p>De ketelcheck helpt om ketelleeftijd, klacht, woningtype en foto’s samen te brengen. Zo wordt duidelijker of reparatie of vervanging logischer is.</p><h2>Betere offerteaanvraag</h2><p>Foto’s van ketel, typeplaatje, rookgasafvoer en ketelruimte maken een offerte beter vergelijkbaar.</p><h2>Relevante routes</h2><p>Bekijk ook <a href=""/rotterdam/"">cv-ketel hulp in Rotterdam</a>, <a href=""/cv-ketel-storing-zuid-holland/"">cv-ketel storing</a>, <a href=""/geen-warm-water-zuid-holland/"">geen warm water</a>, <a href=""/drukverlies-cv-ketel-zuid-holland/"">drukverlies</a>, <a href=""/cv-ketel-lekt-zuid-holland/"">lekkage</a> en <a href=""/cv-ketel-vervangen-zuid-holland/"">cv-ketel vervangen</a>.</p>";"<h2>Veelgestelde vragen over cv-ketels in Hillegersberg-Schiebroek</h2><h3>Wanneer is vervangen slim?</h3><p>Bij oude ketels, terugkerende storing, comfortverlies of hoge kosten.</p><h3>Kan reparatie nog voldoende zijn?</h3><p>Ja, vooral bij een jonge ketel met een duidelijk defect.</p><h3>Welke foto’s zijn nodig?</h3><p>Ketel, typeplaatje, leidingen en ketelruimte.</p><h3>Is de aanvraag vrijblijvend?</h3><p>Ja, u krijgt eerst duidelijkheid.</p><h3>Moet een installateur gecertificeerd zijn?</h3><p>Voor gasverbrandingsinstallaties hoort een CO-gecertificeerd bedrijf te worden ingeschakeld.</p>";1
20;kralingen-kralingen-oost;"Kralingen / Kralingen-Oost";Rotterdam;district;default;Zuid-Holland;"Cv-ketel storing Kralingen? Reparatie of vervangen";"Cv-ketel storing, lekkage of geen warm water in Kralingen/Kralingen-Oost? Doe de ketelcheck voor advies of offerte.";"Ketelcheck Kralingen";"Cv-ketel storing in Kralingen of Kralingen-Oost?";"Twijfelt u door storing, lawaai, drukverlies of een oude cv-ketel? Start de ketelcheck en ontvang duidelijkheid.";"Weet snel of uw cv-ketel nog betrouwbaar is";"In Kralingen en Kralingen-Oost kunnen oudere woningen en appartementen verschillende eisen stellen aan reparatie of vervanging. De ketelcheck brengt klacht, ketelleeftijd en woningcontext samen.";"Kralingen en Kralingen-Oost liggen in Rotterdam. KetelOfferte24.nl helpt bewoners met een eigen cv-ketel bij storing, lekkage, drukverlies en vervangen.";"<h2>Cv-ketelproblemen in Kralingen</h2><p>Een storing, lekkage of ketel die lawaai maakt kan wijzen op een defect onderdeel of een installatie die ouder wordt. Door foto’s en foutcodes mee te sturen, wordt de aanvraag concreter.</p><h2>Appartement of woning</h2><p>Geef aan of u in een appartement of woning met eigen cv-ketel woont. Bij VvE-afspraken of gedeelde rookgasafvoer kan extra afstemming nodig zijn.</p><h2>Repareren of vervangen</h2><p>Bij terugkerende problemen of hoge kosten kan vervangen verstandiger zijn dan blijven repareren.</p><h2>Relevante routes</h2><p>Bekijk ook <a href=""/rotterdam/"">cv-ketel hulp in Rotterdam</a>, <a href=""/cv-ketel-storing-zuid-holland/"">cv-ketel storing</a>, <a href=""/geen-warm-water-zuid-holland/"">geen warm water</a>, <a href=""/drukverlies-cv-ketel-zuid-holland/"">drukverlies</a>, <a href=""/cv-ketel-lekt-zuid-holland/"">lekkage</a> en <a href=""/cv-ketel-vervangen-zuid-holland/"">cv-ketel vervangen</a>.</p>";"<h2>Veelgestelde vragen over cv-ketels in Kralingen</h2><h3>Kan ik als appartementbewoner aanvragen?</h3><p>Ja, als u een eigen cv-ketel heeft.</p><h3>Wat als de ketel lawaai maakt?</h3><p>Lawaai kan wijzen op een technisch probleem en verdient beoordeling.</p><h3>Wanneer vervangen?</h3><p>Bij oude ketels, herhaalde storing of hoge reparatiekosten.</p><h3>Welke foto’s helpen?</h3><p>Display, ketel, typeplaatje en ketelruimte.</p><h3>Is de ketelcheck verplichtend?</h3><p>Nee, u krijgt eerst duidelijkheid.</p>";1
19;rotterdam-noord;Noord;Rotterdam;district;default;Zuid-Holland;"Cv-ketel storing Rotterdam-Noord? Snel advies";"Cv-ketel storing, lekkage of geen warm water in Rotterdam-Noord? Doe de ketelcheck en ontvang advies of een passende offerte.";"Ketelcheck Rotterdam-Noord";"Cv-ketel storing in Rotterdam-Noord?";"Geeft uw ketel storing, verliest hij druk of heeft u geen warm water? Doe de ketelcheck voor Rotterdam-Noord.";"Snel duidelijkheid bij een storende of oude cv-ketel";"Rotterdam-Noord heeft veel appartementen, oudere woningen en portiekwoningen. Bij cv-ketelproblemen is het belangrijk om woningtype, bereikbaarheid en ketelleeftijd mee te nemen.";"Rotterdam-Noord valt binnen Rotterdam. KetelOfferte24.nl helpt bij storing, lekkage, warmwaterproblemen en cv-ketel vervangen.";"<h2>Cv-ketelproblemen in Rotterdam-Noord</h2><p>In Rotterdam-Noord kunnen cv-ketels in appartementen of portiekwoningen op compacte plekken hangen. Storing, lekkage of drukverlies vraagt daarom om een duidelijke aanvraag met foto’s.</p><h2>Repareren of vervangen</h2><p>Bij een jonge ketel kan reparatie genoeg zijn. Bij oudere ketels of terugkerende storingen is vervangen vaak het vergelijken waard.</p><h2>Maak uw aanvraag sterker</h2><p>Vermeld foutcode, druk, ketelleeftijd en stuur foto’s mee van toestel en typeplaatje.</p><h2>Relevante routes</h2><p>Bekijk ook <a href=""/rotterdam/"">cv-ketel hulp in Rotterdam</a>, <a href=""/cv-ketel-storing-zuid-holland/"">cv-ketel storing</a>, <a href=""/geen-warm-water-zuid-holland/"">geen warm water</a>, <a href=""/drukverlies-cv-ketel-zuid-holland/"">drukverlies</a>, <a href=""/cv-ketel-lekt-zuid-holland/"">lekkage</a> en <a href=""/cv-ketel-vervangen-zuid-holland/"">cv-ketel vervangen</a>.</p>";"<h2>Veelgestelde vragen over cv-ketels in Rotterdam-Noord</h2><h3>Kan ik foto’s meesturen?</h3><p>Ja, dat helpt bij een betere beoordeling.</p><h3>Wat bij geen warm water?</h3><p>Geef aan of de verwarming nog werkt en of er een foutcode is.</p><h3>Wanneer is vervangen verstandig?</h3><p>Bij oude ketels of terugkerende storing.</p><h3>Is dit geschikt voor appartementen?</h3><p>Ja, als u een eigen cv-ketel heeft.</p><h3>Wat bij gaslucht?</h3><p>Neem direct veiligheidsmaatregelen.</p>";1
22;oud-charlois-charlois;"Oud Charlois / Charlois";Rotterdam;district;default;Zuid-Holland;"Cv-ketel storing Oud Charlois of Charlois? Ketelcheck";"Cv-ketel storing, lekkage of geen warm water in Oud Charlois/Charlois? Doe de ketelcheck als u een eigen cv-ketel heeft.";"Ketelcheck Charlois";"Cv-ketel storing in Oud Charlois of Charlois?";"Heeft uw woning een eigen cv-ketel en merkt u storing, lekkage of drukverlies? Start de ketelcheck voor duidelijkheid.";"Alleen relevant bij een eigen cv-installatie";"In Oud Charlois en Charlois verschilt de verwarmingssituatie per woning. Bij een eigen cv-ketel helpt de ketelcheck om storing, lekkage of vervangingsvragen concreet te maken.";"Oud Charlois en Charlois liggen in Rotterdam. KetelOfferte24.nl helpt bewoners met een eigen cv-ketel bij storing, lekkage, drukverlies en vervangen.";"<h2>Cv-ketelproblemen in Oud Charlois en Charlois</h2><p>Heeft u een eigen cv-ketel, dan kunt u storing, lekkage, drukverlies of geen warm water via de ketelcheck doorgeven. Bij collectieve warmte of verhuurafspraken kan de route anders zijn.</p><h2>Woningtype en verantwoordelijkheid</h2><p>Geef aan of u eigenaar, huurder of beheerder bent. Dit helpt om de juiste vervolgstap te bepalen.</p><h2>Reparatie of vervanging</h2><p>Een oude ketel met terugkerende klachten kan beter vervangen worden. Bij een jong toestel is reparatie vaak voldoende.</p><h2>Relevante routes</h2><p>Bekijk ook <a href=""/rotterdam/"">cv-ketel hulp in Rotterdam</a>, <a href=""/cv-ketel-storing-zuid-holland/"">cv-ketel storing</a>, <a href=""/geen-warm-water-zuid-holland/"">geen warm water</a>, <a href=""/drukverlies-cv-ketel-zuid-holland/"">drukverlies</a>, <a href=""/cv-ketel-lekt-zuid-holland/"">lekkage</a> en <a href=""/cv-ketel-vervangen-zuid-holland/"">cv-ketel vervangen</a>.</p>";"<h2>Veelgestelde vragen over cv-ketels in Charlois</h2><h3>Is de ketelcheck geschikt voor huurwoningen?</h3><p>Controleer eerst wie verantwoordelijk is voor de ketel.</p><h3>Wat als ik geen eigen cv-ketel heb?</h3><p>Dan ligt de route vaak bij verhuurder, beheerder of collectieve installatie.</p><h3>Welke klachten kan ik melden?</h3><p>Storing, lekkage, drukverlies, geen warm water, lawaai of oude ketel.</p><h3>Wanneer vervangen?</h3><p>Bij oude ketels of terugkerende problemen.</p><h3>Kan ik vrijblijvend aanvragen?</h3><p>Ja, u krijgt eerst duidelijkheid.</p>";1
21;oud-ijsselmonde;"Oud IJsselmonde";Rotterdam;district;default;Zuid-Holland;"Cv-ketel storing Oud IJsselmonde? Snel duidelijkheid";"Cv-ketel storing, lekkage of drukverlies in Oud IJsselmonde? Doe de ketelcheck en ontvang advies of een offerte.";"Ketelcheck Oud IJsselmonde";"Cv-ketel storing in Oud IJsselmonde?";"Geen warm water, drukverlies, lekkage of een ketel die niet betrouwbaar werkt? Start de ketelcheck.";"Geen gedoe bij storing, lekkage of drukverlies";"In Oud IJsselmonde helpt de ketelcheck om snel duidelijk te maken of reparatie, vervanging of extra controle logisch is.";"Oud IJsselmonde ligt in Rotterdam. KetelOfferte24.nl helpt bij cv-ketelproblemen in woningen met een eigen cv-installatie.";"<h2>Cv-ketelproblemen in Oud IJsselmonde</h2><p>Een ketel die druk verliest, lekt of steeds storing geeft, vraagt om duidelijke informatie. Met foto’s en ketelleeftijd kan de aanvraag beter worden beoordeeld.</p><h2>Warm water, druk of storing</h2><p>Geef aan of alleen warm water problemen geeft of ook de verwarming uitvalt. Dit helpt om oorzaak en vervolgstap te bepalen.</p><h2>Repareren of vervangen</h2><p>Bij oudere ketels of terugkerende problemen kan vervangen op termijn slimmer zijn dan blijven repareren.</p><h2>Relevante routes</h2><p>Bekijk ook <a href=""/rotterdam/"">cv-ketel hulp in Rotterdam</a>, <a href=""/cv-ketel-storing-zuid-holland/"">cv-ketel storing</a>, <a href=""/geen-warm-water-zuid-holland/"">geen warm water</a>, <a href=""/drukverlies-cv-ketel-zuid-holland/"">drukverlies</a>, <a href=""/cv-ketel-lekt-zuid-holland/"">lekkage</a> en <a href=""/cv-ketel-vervangen-zuid-holland/"">cv-ketel vervangen</a>.</p>";"<h2>Veelgestelde vragen over cv-ketels in Oud IJsselmonde</h2><h3>Wat als mijn ketel druk verliest?</h3><p>Noteer hoe vaak u moet bijvullen en stuur een foto van de drukmeter mee.</p><h3>Kan lekkage verborgen zijn?</h3><p>Ja, ook kleine lekkages kunnen drukverlies veroorzaken.</p><h3>Wanneer is vervangen verstandig?</h3><p>Bij oude ketels, herhaalde storing of hoge kosten.</p><h3>Is de aanvraag vrijblijvend?</h3><p>Ja, u krijgt eerst duidelijkheid.</p><h3>Wat bij onveilige signalen?</h3><p>Bij gaslucht of rook moet veiligheid altijd voor gaan.</p>";1
17;overschie;Overschie;Rotterdam;district;default;Zuid-Holland;"Cv-ketel storing Overschie? Reparatie of vervangen";"Cv-ketel storing, lekkage of geen warm water in Overschie? Doe de ketelcheck en ontvang binnen 24 uur duidelijkheid.";"Ketelcheck Overschie";"Cv-ketel storing in Overschie?";"Heeft u in Overschie geen warm water, drukverlies, lekkage of een oude cv-ketel? Doe de ketelcheck en krijg snel duidelijkheid.";"Twijfelt u of uw cv-ketel nog te repareren is?";"In Overschie kunnen oudere woningen en Rotterdamse randligging invloed hebben op bereikbaarheid en vervolgstap. De ketelcheck helpt om storing, ketelleeftijd, foto’s en woningtype samen te brengen.";"Overschie ligt in Rotterdam. KetelOfferte24.nl helpt bewoners met een eigen cv-ketel bij storing, lekkage, drukverlies, geen warm water en vervangen.";"<h2>Cv-ketelproblemen in Overschie</h2><p>Een cv-ketel gaat vaak niet ineens stuk. Drukverlies, wisselend warm water, lawaai of terugkerende storing kunnen signalen zijn dat onderhoud, reparatie of vervanging nodig is.</p><h2>Oudere woningen en eigen ketels</h2><p>Geef aan of u een eigen cv-ketel heeft, waar deze hangt en hoe oud het toestel ongeveer is. Foto’s helpen om de situatie concreet te maken.</p><h2>Repareren of vervangen</h2><p>Bij een jonge ketel kan reparatie logisch zijn. Bij een oudere ketel met terugkerende problemen is vervangen het vergelijken waard.</p><h2>Relevante routes</h2><p>Bekijk ook <a href=""/rotterdam/"">cv-ketel hulp in Rotterdam</a>, <a href=""/cv-ketel-storing-zuid-holland/"">cv-ketel storing</a>, <a href=""/geen-warm-water-zuid-holland/"">geen warm water</a>, <a href=""/drukverlies-cv-ketel-zuid-holland/"">drukverlies</a>, <a href=""/cv-ketel-lekt-zuid-holland/"">lekkage</a> en <a href=""/cv-ketel-vervangen-zuid-holland/"">cv-ketel vervangen</a>.</p>";"<h2>Veelgestelde vragen over cv-ketels in Overschie</h2><h3>Kan ik bij twijfel de ketelcheck doen?</h3><p>Ja, juist bij twijfel helpt de check om richting te krijgen.</p><h3>Wat als de ketel lawaai maakt?</h3><p>Lawaai kan wijzen op een probleem dat beoordeling verdient.</p><h3>Wanneer vervangen?</h3><p>Bij oude ketels, dure reparaties of herhaalde storing.</p><h3>Welke foto’s zijn handig?</h3><p>Ketel, display, typeplaatje, drukmeter en ketelruimte.</p><h3>Is de aanvraag verplicht?</h3><p>Nee, u krijgt eerst duidelijkheid.</p>";1
51;cv-ketel-storing-zuid-holland;Zuid-Holland;Zuid-Holland;region;default;Zuid-Holland;"Cv-ketel storing in Zuid-Holland? Binnen 24 uur advies";"Cv-ketel storing in Zuid-Holland? Doe de gratis ketelcheck bij foutcode, uitval, lawaai of geen verwarming en ontvang binnen 24 uur duidelijkheid.";"Cv-ketel storing Zuid-Holland";"Cv-ketel storing in Zuid-Holland?";"Geeft uw cv-ketel storing, valt de verwarming uit of ziet u een foutcode? Doe de gratis ketelcheck en ontvang binnen 24 uur duidelijkheid, advies of een passende offerte.";"Snel weten wat er met uw cv-ketel aan de hand is";"Een cv-ketel storing kan verschillende oorzaken hebben: lage waterdruk, een defect onderdeel, achterstallig onderhoud, problemen met de ontsteking of een ketel die op leeftijd raakt. Met de ketelcheck geeft u foutcode, klacht, urgentie en foto’s door, zodat sneller duidelijk wordt welke vervolgstap logisch is.";"KetelOfferte24.nl helpt bewoners in Zuid-Holland bij cv-ketel storingen in onder andere Rotterdam, Den Haag, Delft, Leiden, Leidschendam, Zoetermeer, Gouda en Dordrecht.";"<h2>Wat te doen bij een cv-ketel storing?</h2><p>Een cv-ketel storing merkt u vaak aan een foutcode, koude radiatoren, een ketel die niet aanslaat of warm water dat ineens wegvalt. Noteer de foutcode, controleer of de waterdruk normaal is en kijk of er lekkage zichtbaar is. Ga niet zelf sleutelen aan gas, rookgasafvoer of interne onderdelen.</p><h2>Repareren of vervangen?</h2><p>Bij een jonge ketel is reparatie vaak logisch. Bij een oudere ketel, terugkerende storingen of onderdelen die duur worden, kan vervangen verstandiger zijn. De ketelcheck helpt om klacht, leeftijd en situatie bij elkaar te brengen, zodat u geen keuze hoeft te maken op basis van gokken.</p><h2>Wanneer is het spoed?</h2><p>Geen verwarming of warm water is vervelend, maar gaslucht, rook, brandlucht of koolmonoxidevermoeden is een veiligheidsrisico. Ventileer, gebruik geen open vuur of schakelaars bij gaslucht en neem direct contact op met de juiste noodpartij. Een offerteaanvraag komt pas daarna.</p><h2>Veilig en gecertificeerd werken</h2><p>Voor werkzaamheden aan gasverbrandingsinstallaties zoals cv-ketels hoort een CO-gecertificeerd bedrijf te worden ingeschakeld. Controleer altijd bij de uitvoerende partij of deze aan de geldende eisen voldoet.</p><h2>Populaire plaatsen in Zuid-Holland</h2><p>Veel aanvragen komen uit <a href=""/rotterdam/"">Rotterdam</a>, <a href=""/den-haag/"">Den Haag</a>, <a href=""/delft/"">Delft</a>, <a href=""/leiden/"">Leiden</a> en <a href=""/leidschendam/"">Leidschendam</a>. Woont u in een wijkpagina of omliggende plaats, start dan alsnog met de ketelcheck en geef uw postcode door.</p><h2>Gerelateerde cv-ketelproblemen</h2><p>Bij storing ziet u soms ook <a href=""/drukverlies-cv-ketel-zuid-holland/"">drukverlies</a>, <a href=""/geen-warm-water-zuid-holland/"">geen warm water</a> of <a href=""/cv-ketel-lekt-zuid-holland/"">lekkage</a>. Is de ketel oud of komt de storing terug, vergelijk dan ook <a href=""/cv-ketel-vervangen-zuid-holland/"">cv-ketel vervangen</a>.</p>";"<h2>Veelgestelde vragen over cv-ketel storing</h2><h3>Kan ik een foutcode meesturen?</h3><p>Ja, vul de foutcode in bij de toelichting en stuur eventueel een foto van het display mee.</p><h3>Moet ik mijn ketel resetten?</h3><p>Volg alleen de handleiding van uw ketel. Blijft de storing terugkomen, laat de situatie beoordelen.</p><h3>Wanneer is een storing gevaarlijk?</h3><p>Bij gaslucht, rook, brandlucht of koolmonoxidevermoeden moet u direct veiligheidsmaatregelen nemen.</p><h3>Kan een storing betekenen dat mijn ketel vervangen moet worden?</h3><p>Dat hangt af van leeftijd, oorzaak en herhaling. Bij oude ketels kan vervangen verstandiger zijn.</p><h3>Is de ketelcheck vrijblijvend?</h3><p>Ja, u ontvangt duidelijkheid zonder directe verplichting.</p>";1
52;cv-ketel-lekt-zuid-holland;Zuid-Holland;Zuid-Holland;region;default;Zuid-Holland;"Cv-ketel lekt in Zuid-Holland? Snel advies of offerte";"Lekkende cv-ketel in Zuid-Holland? Doe de ketelcheck, stuur foto’s mee en ontvang binnen 24 uur advies over reparatie of vervanging.";"Lekkende cv-ketel";"Cv-ketel lekt in Zuid-Holland?";"Ziet u water bij de ketel, daalt de druk steeds of lekt er water uit leidingen of toestel? Start de ketelcheck en ontvang snel duidelijkheid.";"Neem lekkage bij een cv-ketel serieus";"Een lekkende cv-ketel kan wijzen op een klein defect, maar ook op slijtage, drukproblemen of een onderdeel dat vervangen moet worden. Met foto’s van de lekkage, ketel en waterdruk kan uw aanvraag beter worden beoordeeld.";"KetelOfferte24.nl helpt bij lekkende cv-ketels in Zuid-Holland, van eerste beoordeling tot advies over reparatie of vervanging.";"<h2>Waarom lekt een cv-ketel?</h2><p>Een cv-ketel kan lekken door een defecte koppeling, een probleem met het expansievat, te hoge druk, slijtage of condenswater dat niet goed wordt afgevoerd. Soms is het eenvoudig te repareren, maar bij oudere ketels kan lekkage een signaal zijn dat vervanging dichterbij komt.</p><h2>Wat kunt u zelf controleren?</h2><p>Kijk waar het water vandaan komt, controleer de drukmeter en maak duidelijke foto’s. Zet geen onderdelen open en ga niet zelf aan gas- of rookgasdelen werken. Komt water bij elektra of is de lekkage fors, neem dan direct veiligheidsmaatregelen.</p><h2>Reparatie of vervanging bij lekkage</h2><p>Bij een jonge ketel kan reparatie vaak voldoende zijn. Bij een oude ketel, terugkerende lekkage of meerdere klachten tegelijk is vervangen soms verstandiger. De ketelcheck brengt klacht, ketelleeftijd en foto’s samen voor een betere inschatting.</p><h2>Veiligheid eerst</h2><p>Water en elektra zijn een risico. Bij gaslucht, rook, brandlucht of koolmonoxidevermoeden moet u direct passende hulp inschakelen. Voor werkzaamheden aan cv-ketels hoort een CO-gecertificeerd bedrijf te worden ingeschakeld.</p><h2>Populaire plaatsen in Zuid-Holland</h2><p>Veel aanvragen komen uit <a href=""/rotterdam/"">Rotterdam</a>, <a href=""/den-haag/"">Den Haag</a>, <a href=""/delft/"">Delft</a>, <a href=""/leiden/"">Leiden</a> en <a href=""/leidschendam/"">Leidschendam</a>. Woont u in een wijkpagina of omliggende plaats, start dan alsnog met de ketelcheck en geef uw postcode door.</p><h2>Gerelateerde klachten</h2><p>Een lekkende ketel hangt vaak samen met <a href=""/drukverlies-cv-ketel-zuid-holland/"">drukverlies</a>. Geeft de ketel ook storing, bekijk dan <a href=""/cv-ketel-storing-zuid-holland/"">cv-ketel storing</a>. Is de ketel oud, dan kan <a href=""/cv-ketel-vervangen-zuid-holland/"">vervangen</a> verstandiger zijn.</p>";"<h2>Veelgestelde vragen over een lekkende cv-ketel</h2><h3>Is een lekkende cv-ketel spoed?</h3><p>Bij veel water, water bij elektra of gaslucht wel. Neem dan direct veiligheidsmaatregelen.</p><h3>Welke foto’s moet ik meesturen?</h3><p>Foto’s van de lekkage, ketel, drukmeter, leidingen en typeplaatje helpen het meest.</p><h3>Kan lekkage door drukverlies komen?</h3><p>Ja, lekkage en drukverlies hangen vaak samen. Terugkerend drukverlies moet worden beoordeeld.</p><h3>Moet mijn ketel vervangen worden?</h3><p>Niet altijd. Leeftijd, oorzaak en herhaling bepalen of reparatie of vervanging logischer is.</p><h3>Kan ik vrijblijvend advies krijgen?</h3><p>Ja, de ketelcheck is bedoeld om eerst duidelijkheid te krijgen.</p>";1
53;geen-warm-water-zuid-holland;Zuid-Holland;Zuid-Holland;region;default;Zuid-Holland;"Geen warm water in Zuid-Holland? Doe de ketelcheck";"Geen warm water door uw cv-ketel in Zuid-Holland? Doe de gratis ketelcheck en ontvang binnen 24 uur advies of een passende offerte.";"Geen warm water";"Geen warm water in Zuid-Holland?";"Wordt het water niet warm, wisselt de temperatuur of werkt de verwarming wel maar de kraan niet? Doe de ketelcheck en krijg snel duidelijkheid.";"Snel duidelijkheid als warm water wegvalt";"Geen warm water kan komen door een storing, lage waterdruk, een defecte sensor, een probleem met de warmtewisselaar of een ketel die ouder wordt. Door de situatie kort door te geven, wordt sneller duidelijk welke vervolgstap past.";"KetelOfferte24.nl helpt bewoners in Zuid-Holland bij warmwaterproblemen door een eigen cv-ketel.";"<h2>Waarom heb ik geen warm water?</h2><p>Geen warm water kan verschillende oorzaken hebben. Soms werkt de verwarming nog wel, maar wordt tapwater niet warm. Soms doet de hele ketel niets meer. Noteer of er een foutcode zichtbaar is, of de druk normaal is en of de verwarming nog werkt.</p><h2>Alleen warm water of ook verwarming?</h2><p>Het verschil is belangrijk. Als alleen warm water wegvalt, kan de oorzaak anders zijn dan wanneer ook radiatoren koud blijven. De ketelcheck vraagt daarom naar beide situaties en helpt om de aanvraag concreter te maken.</p><h2>Repareren of vervangen?</h2><p>Bij een jong toestel kan een onderdeel vaak worden vervangen. Bij oudere ketels, wisselende temperatuur, terugkerende storingen of hoge kosten kan vervanging logischer zijn. Foto’s en ketelleeftijd helpen bij de beoordeling.</p><h2>Let op veiligheid</h2><p>Ruikt u gas of vermoedt u koolmonoxidegevaar, gebruik de ketel dan niet verder en neem direct veiligheidsmaatregelen. Voor werkzaamheden aan cv-ketels hoort een CO-gecertificeerd bedrijf te worden ingeschakeld.</p><h2>Populaire plaatsen in Zuid-Holland</h2><p>Veel aanvragen komen uit <a href=""/rotterdam/"">Rotterdam</a>, <a href=""/den-haag/"">Den Haag</a>, <a href=""/delft/"">Delft</a>, <a href=""/leiden/"">Leiden</a> en <a href=""/leidschendam/"">Leidschendam</a>. Woont u in een wijkpagina of omliggende plaats, start dan alsnog met de ketelcheck en geef uw postcode door.</p><h2>Gerelateerde situaties</h2><p>Geen warm water gaat soms samen met <a href=""/cv-ketel-storing-zuid-holland/"">cv-ketel storing</a> of <a href=""/drukverlies-cv-ketel-zuid-holland/"">drukverlies</a>. Bij een oude ketel kan ook <a href=""/cv-ketel-vervangen-zuid-holland/"">cv-ketel vervangen</a> een logische vervolgstap zijn.</p>";"<h2>Veelgestelde vragen over geen warm water</h2><h3>Wat moet ik controleren?</h3><p>Kijk of de ketel aan staat, of er een foutcode is en of de waterdruk normaal is.</p><h3>Waarom werkt de verwarming wel maar warm water niet?</h3><p>Dan kan het probleem specifiek in het tapwaterdeel zitten. Laat dit beoordelen.</p><h3>Kan ik foto’s meesturen?</h3><p>Ja, foto’s van display, ketel en typeplaatje helpen.</p><h3>Is geen warm water altijd spoed?</h3><p>Het is vervelend, maar gaslucht of onveilige signalen hebben altijd voorrang.</p><h3>Krijg ik een offerte?</h3><p>Als vervanging of grotere reparatie logisch is, kan een passende offerte volgen.</p>";1
54;drukverlies-cv-ketel-zuid-holland;Zuid-Holland;Zuid-Holland;region;default;Zuid-Holland;"Drukverlies cv-ketel in Zuid-Holland? Snel advies";"Verliest uw cv-ketel steeds druk in Zuid-Holland? Doe de ketelcheck en ontvang advies over lekkage, expansievat, reparatie of vervanging.";"Drukverlies cv-ketel";"Verliest uw cv-ketel steeds druk?";"Moet u vaak bijvullen of zakt de druk telkens terug? Doe de ketelcheck en ontvang binnen 24 uur duidelijkheid over de mogelijke vervolgstap.";"Terugkerend drukverlies verdient aandacht";"Een keer bijvullen kan normaal zijn, maar steeds terugkerend drukverlies wijst vaak op lekkage, een expansievatprobleem, ontluchting of een defect onderdeel. De ketelcheck helpt om de klacht concreet door te geven.";"KetelOfferte24.nl helpt bewoners in Zuid-Holland bij cv-ketels die druk verliezen of steeds moeten worden bijgevuld.";"<h2>Waarom daalt de druk van mijn cv-ketel?</h2><p>Drukverlies kan ontstaan door kleine lekkages, lucht in het systeem, een defect expansievat, een veiligheidsventiel of slijtage in de ketel. Als de druk steeds opnieuw zakt, is het verstandig om dit te laten beoordelen.</p><h2>Wat kunt u zelf noteren?</h2><p>Schrijf op hoe vaak u moet bijvullen, welke druk u ziet en of er water rond radiatoren, leidingen of ketel ligt. Foto’s van de drukmeter en de ketel helpen om de aanvraag duidelijker te maken.</p><h2>Drukverlies en lekkage</h2><p>Drukverlies en lekkage horen vaak bij elkaar, maar een lekkage is niet altijd direct zichtbaar. Ook leidingen of radiatoren kunnen drukverlies veroorzaken. Daarom is het belangrijk om de hele situatie te beschrijven.</p><h2>Wanneer vervangen?</h2><p>Bij oudere ketels of terugkerende drukproblemen kan vervangen soms logischer zijn dan blijven repareren. De ketelcheck helpt om reparatie en vervanging beter af te wegen.</p><h2>Populaire plaatsen in Zuid-Holland</h2><p>Veel aanvragen komen uit <a href=""/rotterdam/"">Rotterdam</a>, <a href=""/den-haag/"">Den Haag</a>, <a href=""/delft/"">Delft</a>, <a href=""/leiden/"">Leiden</a> en <a href=""/leidschendam/"">Leidschendam</a>. Woont u in een wijkpagina of omliggende plaats, start dan alsnog met de ketelcheck en geef uw postcode door.</p><h2>Gerelateerde problemen</h2><p>Bij drukverlies is <a href=""/cv-ketel-lekt-zuid-holland/"">lekkage</a> een belangrijke mogelijkheid. Als de ketel ook uitvalt, bekijk dan <a href=""/cv-ketel-storing-zuid-holland/"">cv-ketel storing</a>. Komt het probleem steeds terug, vergelijk dan <a href=""/cv-ketel-vervangen-zuid-holland/"">vervangen</a>.</p>";"<h2>Veelgestelde vragen over drukverlies</h2><h3>Hoe vaak bijvullen is normaal?</h3><p>Af en toe bijvullen kan voorkomen. Moet u vaak bijvullen, dan is beoordeling verstandig.</p><h3>Kan drukverlies door lekkage komen?</h3><p>Ja, ook kleine lekkages kunnen drukverlies veroorzaken.</p><h3>Welke foto’s zijn nuttig?</h3><p>Foto’s van de drukmeter, ketel, leidingen en eventuele vochtplekken.</p><h3>Is drukverlies gevaarlijk?</h3><p>Meestal niet direct, maar het kan wel wijzen op een probleem dat opgelost moet worden.</p><h3>Kan drukverlies betekenen dat mijn ketel vervangen moet worden?</h3><p>Bij oude ketels of terugkerende problemen kan vervangen een betere optie worden.</p>";1
55;cv-ketel-vervangen-zuid-holland;Zuid-Holland;Zuid-Holland;region;default;Zuid-Holland;"Cv-ketel vervangen in Zuid-Holland? Offerte binnen 24 uur";"Cv-ketel vervangen in Zuid-Holland? Doe de gratis ketelcheck en ontvang binnen 24 uur advies of een passende offerte voor vervanging.";"Cv-ketel vervangen Zuid-Holland";"Cv-ketel vervangen in Zuid-Holland?";"Is uw ketel oud, storingsgevoelig of duur in onderhoud? Doe de ketelcheck en ontvang binnen 24 uur duidelijkheid of een passende offerte.";"Vergelijk repareren en vervangen voordat u beslist";"Een nieuwe cv-ketel is een serieuze investering. Daarom is het verstandig om eerst te kijken naar leeftijd, storing, warmwatercomfort, energiekosten en woningtype. Met de ketelcheck maakt u een betere offerteaanvraag.";"KetelOfferte24.nl helpt bewoners in Zuid-Holland bij het aanvragen van advies of offerte voor cv-ketel vervanging.";"<h2>Wanneer een cv-ketel vervangen?</h2><p>Vervanging wordt interessant bij een oude ketel, terugkerende storingen, lekkage, slecht warmwatercomfort of hoge energiekosten. Ook als reparatiekosten oplopen, kan vervangen verstandiger zijn.</p><h2>Wat bepaalt een goede offerte?</h2><p>Een goede offerte hangt af van woningtype, warmwaterbehoefte, plek van de ketel, rookgasafvoer, huidige installatie en gewenste capaciteit. Foto’s van typeplaatje, leidingen en ketelruimte helpen om de aanvraag concreter te maken.</p><h2>Binnen 24 uur richting</h2><p>De ketelcheck is bedoeld om snel duidelijkheid te krijgen. U hoeft niet zeker te weten welke ketel u nodig heeft. Eerst wordt beoordeeld of vervanging logisch is en welke informatie nodig is voor een passende offerte.</p><h2>CO-certificering controleren</h2><p>Voor installatie en ingebruikstelling van gasverbrandingsinstallaties hoort een CO-gecertificeerd bedrijf te worden ingeschakeld. Controleer dit altijd bij de uitvoerende partij.</p><h2>Populaire plaatsen in Zuid-Holland</h2><p>Veel aanvragen komen uit <a href=""/rotterdam/"">Rotterdam</a>, <a href=""/den-haag/"">Den Haag</a>, <a href=""/delft/"">Delft</a>, <a href=""/leiden/"">Leiden</a> en <a href=""/leidschendam/"">Leidschendam</a>. Woont u in een wijkpagina of omliggende plaats, start dan alsnog met de ketelcheck en geef uw postcode door.</p><h2>Wanneer eerst reparatie overwegen?</h2><p>Bij een jonge ketel kan <a href=""/cv-ketel-storing-zuid-holland/"">reparatie bij storing</a> nog logisch zijn. Bij <a href=""/cv-ketel-lekt-zuid-holland/"">lekkage</a>, <a href=""/geen-warm-water-zuid-holland/"">geen warm water</a> of terugkerend <a href=""/drukverlies-cv-ketel-zuid-holland/"">drukverlies</a> wordt vergelijken belangrijker.</p>";"<h2>Veelgestelde vragen over cv-ketel vervangen</h2><h3>Krijg ik binnen 24 uur een offerte?</h3><p>U ontvangt binnen 24 uur duidelijkheid, advies of een passende offerte wanneer de aanvraag compleet genoeg is.</p><h3>Welke informatie is nodig?</h3><p>Postcode, woningtype, ketelleeftijd, klacht, warmwatergebruik en foto’s helpen.</p><h3>Moet mijn ketel altijd vervangen worden?</h3><p>Nee. Soms is reparatie logischer. De ketelcheck helpt bij die afweging.</p><h3>Kan ik vrijblijvend aanvragen?</h3><p>Ja, u zit niet direct vast aan een opdracht.</p><h3>Waarom is certificering belangrijk?</h3><p>Een cv-ketel is een gasverbrandingsinstallatie en moet veilig worden geplaatst en gecontroleerd.</p>";1
56;gecertificeerde-cv-monteur-zuid-holland;Zuid-Holland;Zuid-Holland;region;default;Zuid-Holland;"Gecertificeerde cv-monteur Zuid-Holland? Ketelcheck";"Gecertificeerde cv-monteur nodig in Zuid-Holland? Doe de ketelcheck voor storing, onderhoud, reparatie of vervanging van uw cv-ketel.";"Cv-monteur Zuid-Holland";"Gecertificeerde cv-monteur nodig in Zuid-Holland?";"Bij storing, lekkage, onderhoud of vervanging van een cv-ketel is veilige uitvoering belangrijk. Doe de ketelcheck en vraag gericht hulp of een offerte aan.";"Let op veiligheid en certificering";"Werkzaamheden aan cv-ketels vragen om zorgvuldigheid. Voor gasverbrandingsinstallaties hoort een CO-gecertificeerd bedrijf te worden ingeschakeld. Via de ketelcheck brengt u uw situatie duidelijk in kaart.";"KetelOfferte24.nl helpt bewoners in Zuid-Holland bij het vinden van passende hulp voor cv-ketelproblemen.";"<h2>Wanneer heeft u een cv-monteur nodig?</h2><p>Bij storing, lekkage, drukverlies, geen warm water, onderhoud of vervanging kan een cv-monteur nodig zijn. De juiste route hangt af van klacht, ketelleeftijd en veiligheidssituatie.</p><h2>CO-certificering bij cv-ketels</h2><p>Voor installatie, reparatie, onderhoud en ingebruikstelling van gasverbrandingsinstallaties zoals cv-ketels hoort een CO-gecertificeerd bedrijf te worden ingeschakeld. Controleer dit altijd bij de uitvoerende partij voordat werk wordt uitgevoerd.</p><h2>Gerichte aanvraag in plaats van losse belrondes</h2><p>Met de ketelcheck geeft u klacht, postcode, urgentie, ketelleeftijd en foto’s door. Daardoor kan sneller worden bepaald of reparatie, onderhoud of vervanging logisch is.</p><h2>Bij spoed en gevaar</h2><p>Ruikt u gas, ziet u rook of vermoedt u koolmonoxidegevaar? Gebruik de ketel niet verder en neem direct veiligheidsmaatregelen. Een gewone offerteaanvraag is dan niet de eerste stap.</p><h2>Populaire plaatsen in Zuid-Holland</h2><p>Veel aanvragen komen uit <a href=""/rotterdam/"">Rotterdam</a>, <a href=""/den-haag/"">Den Haag</a>, <a href=""/delft/"">Delft</a>, <a href=""/leiden/"">Leiden</a> en <a href=""/leidschendam/"">Leidschendam</a>. Woont u in een wijkpagina of omliggende plaats, start dan alsnog met de ketelcheck en geef uw postcode door.</p><h2>Waarvoor zoekt u hulp?</h2><p>Bekijk ook hulp bij <a href=""/cv-ketel-storing-zuid-holland/"">cv-ketel storing</a>, <a href=""/cv-ketel-lekt-zuid-holland/"">lekkage</a>, <a href=""/geen-warm-water-zuid-holland/"">geen warm water</a>, <a href=""/drukverlies-cv-ketel-zuid-holland/"">drukverlies</a> of <a href=""/cv-ketel-vervangen-zuid-holland/"">cv-ketel vervangen</a>.</p>";"<h2>Veelgestelde vragen over cv-monteurs</h2><h3>Moet een cv-monteur gecertificeerd zijn?</h3><p>Voor werkzaamheden aan gasverbrandingsinstallaties hoort een CO-gecertificeerd bedrijf te worden ingeschakeld.</p><h3>Kan ik via de ketelcheck hulp aanvragen?</h3><p>Ja, u geeft uw situatie door en ontvangt duidelijkheid over de passende vervolgstap.</p><h3>Is onderhoud hetzelfde als reparatie?</h3><p>Nee. Onderhoud is periodieke controle, reparatie lost een concreet defect op.</p><h3>Wat bij gaslucht?</h3><p>Ventileer, gebruik geen open vuur of schakelaars en neem direct contact op met de juiste noodpartij.</p><h3>Kan ik ook een offerte voor vervanging krijgen?</h3><p>Ja, als vervanging logisch is kan een passende offerte volgen.</p>";1
;zoetermeer;Zoetermeer;Zoetermeer;city;city;Zuid-Holland;"Cv-ketel storing in Zoetermeer? Gratis ketelcheck";"Cv-ketel storing, lekkage of geen warm water in Zoetermeer? Doe de gratis ketelcheck en ontvang binnen 24 uur advies of een passende offerte.";"Cv-ketel hulp in Zoetermeer";"Cv-ketel storing of vervangen in Zoetermeer?";"Heeft u in Zoetermeer last van storing, lekkage, drukverlies, geen warm water of een oudere cv-ketel? Start de gratis ketelcheck en ontvang snel duidelijkheid.";"Snel duidelijkheid bij cv-ketelproblemen in Zoetermeer";"Zoetermeer heeft oudere wijken, jaren 70/80-buurten, grote gezinswijken en nieuwere woningen in Oosterheem. Daardoor verschilt de cv-situatie per woning. Met de ketelcheck geeft u klacht, ketelleeftijd, woningtype en eventueel foto’s door, zodat reparatie of vervanging beter kan worden beoordeeld.";"KetelOfferte24.nl helpt bewoners in Zoetermeer bij cv-ketel storing, lekkage, geen warm water, drukverlies, onderhoudsvragen en cv-ketel vervangen.";"<h2>Veelvoorkomende cv-ketelproblemen in Zoetermeer</h2><p>In Zoetermeer lopen de woningtypes sterk uiteen. In Rokkeveen en Noordhove gaat het vaak om gezinswoningen uit de jaren 80 en 90, in Meerzicht en Palenstein spelen hoogbouw, huurwoningen en VvE-situaties vaker mee, en in Oosterheem kunnen ketels uit de eerste bouwfase inmiddels richting vervanging of groot onderhoud gaan.</p><h2>Repareren of vervangen?</h2><p>Bij een cv-ketel storing is reparatie niet automatisch de beste keuze. Een jonge ketel met een duidelijke foutcode kan vaak nog worden hersteld. Bij oudere ketels, terugkerende storingen, lekkage, wisselend warm water of oplopend energieverbruik is het slim om reparatie en vervanging naast elkaar te zetten.</p><h2>Eigen cv-ketel of collectieve installatie?</h2><p>In appartementen, huurwoningen en complexen kan de verantwoordelijkheid liggen bij verhuurder, woningcorporatie of VvE. Controleer daarom eerst of het om een eigen cv-ketel gaat. Bij een eigen installatie kunt u de ketelcheck gebruiken om snel een gerichte aanvraag te doen.</p><h2>Foto’s meesturen helpt</h2><p>Foto’s van de ketel, het typeplaatje, foutcode, leidingen en de plek waar de ketel hangt maken de aanvraag concreter. Zeker bij compacte opstellingen, oudere woningen of appartementen kan dit veel verschil maken.</p><h2>Wijken in Zoetermeer</h2><p>We helpen onder meer bij cv-ketelproblemen in <a href=""/oosterheem/"">Oosterheem</a>, <a href=""/rokkeveen/"">Rokkeveen</a>, <a href=""/meerzicht/"">Meerzicht</a>, <a href=""/buytenwegh/"">Buytenwegh</a>, <a href=""/de-leyens/"">De Leyens</a>, <a href=""/palenstein/"">Palenstein</a>, <a href=""/seghwaert/"">Seghwaert</a>, <a href=""/noordhove/"">Noordhove</a>, <a href=""/dorp-zoetermeer/"">Dorp</a>, <a href=""/driemanspolder/"">Driemanspolder</a> en <a href=""/stadscentrum-zoetermeer/"">Stadscentrum</a>.</p><h2>Veiligheid eerst</h2><p>Bij gaslucht, rook of vermoeden van koolmonoxide moet u direct veiligheidsmaatregelen nemen. Voor werkzaamheden aan gasverbrandingsinstallaties hoort een CO-gecertificeerd bedrijf te worden ingeschakeld. Controleer dit altijd bij de uitvoerende partij.</p>";"<h2>Veelgestelde vragen over cv-ketels in Zoetermeer</h2><h3>Kan ik de ketelcheck gebruiken bij storing in Zoetermeer?</h3><p>Ja, bij storing, foutcodes, drukverlies, lekkage of geen warm water kunt u de ketelcheck starten.</p><h3>Krijg ik direct een monteur?</h3><p>KetelOfferte24.nl helpt eerst met duidelijkheid, advies of een passende offerte. We schrijven niet alsof er altijd direct een monteur wordt gestuurd.</p><h3>Wat als ik in een huurwoning woon?</h3><p>Controleer eerst of de cv-ketel uw eigen verantwoordelijkheid is of via verhuurder, woningcorporatie of VvE loopt.</p><h3>Wanneer is vervangen verstandig?</h3><p>Bij oudere ketels, terugkerende storingen, lekkage of hoge energiekosten kan vervangen logischer zijn dan opnieuw repareren.</p><h3>Welke foto’s kan ik meesturen?</h3><p>Foto’s van de ketel, foutcode, typeplaatje, leidingen en ketelruimte helpen om sneller gericht advies te geven.</p>";1
;oosterheem;Oosterheem;Zoetermeer;district;default;Zuid-Holland;"Cv-ketel storing Oosterheem? Check reparatie of vervanging";"Cv-ketel storing, geen warm water of oudere ketel in Oosterheem? Doe de ketelcheck en ontvang binnen 24 uur duidelijkheid.";"Ketelcheck Oosterheem";"Cv-ketel storing in Oosterheem?";"In Oosterheem kunnen ketels uit de eerste bouwfase inmiddels richting onderhoud of vervanging gaan. Doe de ketelcheck bij storing, drukverlies of geen warm water.";"Ketels uit de eerste bouwfase verdienen aandacht";"Oosterheem is een nieuwere wijk, kort na 2000 gebouwd. Juist cv-ketels uit de eerste bouwjaren kunnen inmiddels ouder worden. Bij terugkerende storing, wisselend warm water of oplopend energieverbruik is het verstandig om onderhoud, reparatie en vervanging te vergelijken.";"KetelOfferte24.nl helpt bewoners in Oosterheem bij storing, geen warm water, drukverlies, oudere ketels en cv-ketel vervangen.";"<h2>Cv-ketelproblemen in Oosterheem</h2><p>Oosterheem groeide kort na 2000 sterk mee met Zoetermeer. Veel woningen zijn relatief nieuw, maar ketels uit de eerste bouwfase kunnen inmiddels richting een leeftijd komen waarop onderhoud, reparatie of vervanging belangrijker wordt.</p><h2>Waar moet u op letten?</h2><p>In buurten zoals Zuid-Hollandbuurt, Stromenbuurt, Eilandenbuurt, Merenbuurt en Oosterheem-Centrum is het nuttig om bouwjaar, ketelleeftijd en warmwatergebruik goed door te geven.</p><h2>Veelvoorkomende klachten</h2><p>Denk aan cv-ketel storing, geen warm water, drukverlies, wisselend warmwatercomfort, een ketel uit de eerste bouwfase of de wens om te vervangen voor een zuiniger model.</p><h2>Repareren of vervangen?</h2><p>Bij een jonge ketel met een duidelijk defect kan reparatie logisch zijn. Is de ketel ouder, komt dezelfde storing terug of lopen de kosten op, dan is vergelijken met vervanging verstandig. Met de ketelcheck geeft u klacht, ketelleeftijd, woningtype en foto’s door. Zo wordt sneller duidelijk welke vervolgstap past.</p><h2>Veiligheid en certificering</h2><p>Bij gaslucht, rook of vermoeden van koolmonoxide moet u eerst veiligheidsmaatregelen nemen en niet wachten op een gewone offerteaanvraag. Voor werkzaamheden aan gasverbrandingsinstallaties hoort een CO-gecertificeerd bedrijf te worden ingeschakeld. Controleer dit altijd bij de uitvoerende partij.</p><h2>Links naar relevante hulp</h2><p>Bekijk ook <a href=""/zoetermeer/"">cv-ketel hulp in Zoetermeer</a>, <a href=""/cv-ketel-storing-zuid-holland/"">cv-ketel storing</a>, <a href=""/cv-ketel-lekt-zuid-holland/"">lekkage</a>, <a href=""/geen-warm-water-zuid-holland/"">geen warm water</a>, <a href=""/drukverlies-cv-ketel-zuid-holland/"">drukverlies</a> en <a href=""/cv-ketel-vervangen-zuid-holland/"">cv-ketel vervangen</a>.</p>";"<h2>Veelgestelde vragen over cv-ketels in Oosterheem</h2><h3>Waarom is ketelleeftijd belangrijk in Oosterheem?</h3><p>Veel woningen zijn na 2000 gebouwd. Ketels uit de eerste bouwfase kunnen inmiddels ouder worden en vaker onderhoud of vervanging vragen.</p><h3>Is vervangen altijd nodig bij storing?</h3><p>Nee, soms is reparatie voldoende. Bij terugkerende storing of hoge energiekosten wordt vergelijken wel verstandig.</p><h3>Kan ik foto’s meesturen?</h3><p>Ja, foto’s van ketel, typeplaatje en foutcode helpen bij de beoordeling.</p><h3>Wat als ik geen warm water heb?</h3><p>Start de ketelcheck en geef aan of verwarming nog werkt en of er een foutcode zichtbaar is.</p><h3>Is een zuiniger model interessant?</h3><p>Bij oudere ketels kan een zuiniger model interessant zijn, vooral als comfort of verbruik tegenvalt.</p>";1
;rokkeveen;Rokkeveen;Zoetermeer;district;default;Zuid-Holland;"Cv-ketel vervangen Rokkeveen? Gratis ketelcheck";"Oude cv-ketel, storing of lekkage in Rokkeveen? Doe de ketelcheck en vergelijk repareren of vervangen binnen 24 uur.";"Ketelcheck Rokkeveen";"Cv-ketel vervangen of repareren in Rokkeveen?";"Rokkeveen heeft veel woningen uit eind jaren 80 en jaren 90. Bij oude ketels, lawaai, lekkage of wisselend warm water helpt de ketelcheck bij de juiste keuze.";"Veel woningen uit de jaren 80 en 90";"Rokkeveen is een van de grootste wijken van Zoetermeer. De eerste paal werd in 1987 geslagen. Veel ketels in gezinswoningen hebben inmiddels meerdere onderhoudsrondes gehad, waardoor een storing of lekkage een goed moment kan zijn om reparatie en vervanging naast elkaar te zetten.";"KetelOfferte24.nl helpt bewoners in Rokkeveen bij oude cv-ketels, storing, hoge energiekosten, lawaai en vervanging.";"<h2>Cv-ketelproblemen in Rokkeveen</h2><p>In Rokkeveen staan veel gezinswoningen uit de periode waarin Zoetermeer sterk groeide. Bij installaties die al jaren meegaan, kan een nieuwe storing een signaal zijn dat de ketel richting vervanging gaat.</p><h2>Waar moet u op letten?</h2><p>In Rokkeveen-Oost, Rokkeveen-West, Stenenbuurt, Houtbuurt, Stationsbuurt-Zuid en rond Campus is het verstandig om woningtype, ketelleeftijd en warmwaterbehoefte mee te nemen.</p><h2>Veelvoorkomende klachten</h2><p>Veelvoorkomende signalen zijn een oude cv-ketel, hoge energiekosten, schommelend warm water, tikkend of brommend geluid, lekkage of twijfel tussen repareren en vervangen.</p><h2>Repareren of vervangen?</h2><p>Bij een jonge ketel met een duidelijk defect kan reparatie logisch zijn. Is de ketel ouder, komt dezelfde storing terug of lopen de kosten op, dan is vergelijken met vervanging verstandig. Met de ketelcheck geeft u klacht, ketelleeftijd, woningtype en foto’s door. Zo wordt sneller duidelijk welke vervolgstap past.</p><h2>Veiligheid en certificering</h2><p>Bij gaslucht, rook of vermoeden van koolmonoxide moet u eerst veiligheidsmaatregelen nemen en niet wachten op een gewone offerteaanvraag. Voor werkzaamheden aan gasverbrandingsinstallaties hoort een CO-gecertificeerd bedrijf te worden ingeschakeld. Controleer dit altijd bij de uitvoerende partij.</p><h2>Links naar relevante hulp</h2><p>Bekijk ook <a href=""/zoetermeer/"">cv-ketel hulp in Zoetermeer</a>, <a href=""/cv-ketel-storing-zuid-holland/"">cv-ketel storing</a>, <a href=""/cv-ketel-lekt-zuid-holland/"">lekkage</a>, <a href=""/geen-warm-water-zuid-holland/"">geen warm water</a>, <a href=""/drukverlies-cv-ketel-zuid-holland/"">drukverlies</a> en <a href=""/cv-ketel-vervangen-zuid-holland/"">cv-ketel vervangen</a>.</p>";"<h2>Veelgestelde vragen over cv-ketels in Rokkeveen</h2><h3>Wanneer is vervangen in Rokkeveen verstandig?</h3><p>Bij een oudere ketel, terugkerende storingen, lekkage of hoge reparatiekosten is vervangen het onderzoeken waard.</p><h3>Wat als mijn ketel lawaai maakt?</h3><p>Lawaai kan verschillende oorzaken hebben. Noteer wanneer het gebeurt en stuur eventueel een toelichting mee.</p><h3>Helpt de ketelcheck bij hoge energiekosten?</h3><p>Ja, geef aan dat energieverbruik een reden is. Dan kan vervanging naast reparatie worden bekeken.</p><h3>Moet ik direct een merk kiezen?</h3><p>Nee, de ketelcheck brengt eerst uw situatie in kaart.</p><h3>Kan ik ook bij lekkage aanvragen?</h3><p>Ja, maar bij grote lekkage of gevaar moet u eerst veiligheidsmaatregelen nemen.</p>";1
;meerzicht;Meerzicht;Zoetermeer;district;default;Zuid-Holland;"Cv-ketel problemen Meerzicht? Check eigen cv of VvE";"Cv-ketel storing, drukverlies of geen warm water in Meerzicht? Check eerst eigen cv, huurwoning of VvE en start de ketelcheck.";"Ketelcheck Meerzicht";"Cv-ketel storing in Meerzicht?";"In Meerzicht verschilt de cv-situatie per woning. Controleer bij hoogbouw, huur of VvE eerst of het om een eigen cv-ketel gaat.";"Hoogbouw, laagbouw en eigen cv goed onderscheiden";"Meerzicht is gebouwd in de jaren 70 en kent hoogbouw in het oosten en laagbouw in het westen. Met veel huurwoningen en verschillende gebouwtypes is het belangrijk om eerst vast te stellen of u een eigen cv-ketel heeft of dat verwarming via verhuurder, VvE of collectieve afspraken loopt.";"KetelOfferte24.nl helpt bewoners in Meerzicht bij eigen cv-ketels, drukverlies, geen warm water, lekkage en offertevragen.";"<h2>Cv-ketelproblemen in Meerzicht</h2><p>Meerzicht heeft een mix van hoogbouw, laagbouw en woningen in de buurt van het Westerpark. Volgens openbare wijkdata telt Meerzicht duizenden woningen en een groot aandeel huurwoningen. Daardoor is de verantwoordelijkheid voor de installatie niet altijd hetzelfde.</p><h2>Waar moet u op letten?</h2><p>In Voorweg, Bossenbuurt, Waterbuurt, Landenbuurt en Bergenbuurt kan de situatie per complex of woningtype verschillen. Controleer bij huur of VvE eerst wie verantwoordelijk is voor onderhoud en vervanging.</p><h2>Veelvoorkomende klachten</h2><p>Belangrijke klachten zijn drukverlies, geen warm water, lekkage bij de ketel, storing of twijfel of het om een eigen cv-ketel of collectieve verwarming gaat.</p><h2>Repareren of vervangen?</h2><p>Bij een jonge ketel met een duidelijk defect kan reparatie logisch zijn. Is de ketel ouder, komt dezelfde storing terug of lopen de kosten op, dan is vergelijken met vervanging verstandig. Met de ketelcheck geeft u klacht, ketelleeftijd, woningtype en foto’s door. Zo wordt sneller duidelijk welke vervolgstap past.</p><h2>Veiligheid en certificering</h2><p>Bij gaslucht, rook of vermoeden van koolmonoxide moet u eerst veiligheidsmaatregelen nemen en niet wachten op een gewone offerteaanvraag. Voor werkzaamheden aan gasverbrandingsinstallaties hoort een CO-gecertificeerd bedrijf te worden ingeschakeld. Controleer dit altijd bij de uitvoerende partij.</p><h2>Links naar relevante hulp</h2><p>Bekijk ook <a href=""/zoetermeer/"">cv-ketel hulp in Zoetermeer</a>, <a href=""/cv-ketel-storing-zuid-holland/"">cv-ketel storing</a>, <a href=""/cv-ketel-lekt-zuid-holland/"">lekkage</a>, <a href=""/geen-warm-water-zuid-holland/"">geen warm water</a>, <a href=""/drukverlies-cv-ketel-zuid-holland/"">drukverlies</a> en <a href=""/cv-ketel-vervangen-zuid-holland/"">cv-ketel vervangen</a>.</p>";"<h2>Veelgestelde vragen over cv-ketels in Meerzicht</h2><h3>Kan ik de ketelcheck gebruiken in een huurwoning?</h3><p>Alleen als u zelf verantwoordelijk bent voor de cv-ketel. Vraag dit bij twijfel na bij verhuurder of woningcorporatie.</p><h3>Wat als mijn appartement collectieve verwarming heeft?</h3><p>Dan loopt de oplossing meestal via beheerder of VvE. De ketelcheck is vooral bedoeld voor eigen cv-ketels.</p><h3>Welke klachten komen vaak voor?</h3><p>Drukverlies, geen warm water, lekkage en storing zijn veelvoorkomende redenen om de situatie te laten beoordelen.</p><h3>Moet ik mijn VvE informeren?</h3><p>Bij appartementen kan dat verstandig of verplicht zijn, zeker als leidingen of gezamenlijke delen betrokken zijn.</p><h3>Kan lekkage urgent zijn?</h3><p>Ja. Bij flinke lekkage moet u eerst schade en veiligheid beperken en daarna gericht hulp vragen.</p>";1
;buytenwegh;Buytenwegh;Zoetermeer;district;default;Zuid-Holland;"Cv-ketel storing Buytenwegh? Check eigen ketel of verhuurder";"Cv-ketel storing, lekkage of drukverlies in Buytenwegh? Controleer eigen cv of verhuurder en doe de ketelcheck.";"Ketelcheck Buytenwegh";"Cv-ketel storing in Buytenwegh?";"In Buytenwegh is het belangrijk om eerst te weten of u zelf verantwoordelijk bent voor de cv-ketel of dat verhuurder of corporatie aan zet is.";"Huurwoning of eigen cv-ketel?";"Buytenwegh ontstond in de jaren 70 en 80 tijdens de snelle uitbreiding van Zoetermeer. Omdat er relatief veel huurwoningen zijn, is het extra belangrijk om eerst te checken wie verantwoordelijk is voor onderhoud, reparatie en vervanging van de cv-ketel.";"KetelOfferte24.nl helpt bewoners in Buytenwegh bij eigen cv-ketels met storing, lekkage, drukverlies en vervangvragen.";"<h2>Cv-ketelproblemen in Buytenwegh</h2><p>Buytenwegh is een woonwijk met Buitenpark en Binnenpark dichtbij. De wijk wordt in de nieuwe indeling los gezien van De Leyens. Bij cv-problemen is vooral de vraag belangrijk of het om een eigen installatie gaat.</p><h2>Waar moet u op letten?</h2><p>In Rodenbuurt, Hovenbuurt en Buytenwegh-Centrum verschilt de situatie per woning en complex. Geef in de ketelcheck duidelijk aan of het om koop, huur, VvE of eigen cv gaat.</p><h2>Veelvoorkomende klachten</h2><p>Denk aan storing, lekkage, druk die steeds zakt, geen warm water of een oude installatie. Bij huurwoningen moet vaak eerst verhuurder of woningcorporatie worden ingeschakeld.</p><h2>Repareren of vervangen?</h2><p>Bij een jonge ketel met een duidelijk defect kan reparatie logisch zijn. Is de ketel ouder, komt dezelfde storing terug of lopen de kosten op, dan is vergelijken met vervanging verstandig. Met de ketelcheck geeft u klacht, ketelleeftijd, woningtype en foto’s door. Zo wordt sneller duidelijk welke vervolgstap past.</p><h2>Veiligheid en certificering</h2><p>Bij gaslucht, rook of vermoeden van koolmonoxide moet u eerst veiligheidsmaatregelen nemen en niet wachten op een gewone offerteaanvraag. Voor werkzaamheden aan gasverbrandingsinstallaties hoort een CO-gecertificeerd bedrijf te worden ingeschakeld. Controleer dit altijd bij de uitvoerende partij.</p><h2>Links naar relevante hulp</h2><p>Bekijk ook <a href=""/zoetermeer/"">cv-ketel hulp in Zoetermeer</a>, <a href=""/cv-ketel-storing-zuid-holland/"">cv-ketel storing</a>, <a href=""/cv-ketel-lekt-zuid-holland/"">lekkage</a>, <a href=""/geen-warm-water-zuid-holland/"">geen warm water</a>, <a href=""/drukverlies-cv-ketel-zuid-holland/"">drukverlies</a> en <a href=""/cv-ketel-vervangen-zuid-holland/"">cv-ketel vervangen</a>.</p>";"<h2>Veelgestelde vragen over cv-ketels in Buytenwegh</h2><h3>Kan ik aanvragen als huurder?</h3><p>Alleen als u zelf verantwoordelijk bent voor de cv-ketel. Bij twijfel moet de verhuurder of corporatie eerst duidelijkheid geven.</p><h3>Wat als de druk steeds zakt?</h3><p>Dat kan wijzen op lekkage, lucht in het systeem of een onderdeelprobleem. Beschrijf hoe vaak u moet bijvullen.</p><h3>Is Buytenwegh hetzelfde als De Leyens?</h3><p>Voor deze pagina houden we Buytenwegh apart, omdat de woningmix en verantwoordelijkheid kunnen verschillen.</p><h3>Kan ik bij lekkage de ketelcheck gebruiken?</h3><p>Ja, bij beperkte lekkage. Bij acute water- of veiligheidsproblemen moet u eerst direct maatregelen nemen.</p><h3>Welke informatie is handig?</h3><p>Ketelleeftijd, foutcode, woningtype, huur/koop en foto’s van ketel en leidingen.</p>";1
;de-leyens;"De Leyens";Zoetermeer;district;default;Zuid-Holland;"Cv-ketel vervangen De Leyens? Offerte of advies";"Oude cv-ketel, storing of hoog energieverbruik in De Leyens? Doe de ketelcheck voor advies of een passende offerte.";"Ketelcheck De Leyens";"Cv-ketel vervangen in De Leyens?";"In De Leyens gaat het vaak om koopwoningen met een eigen cv-ketel. Bij ketels van 12 jaar of ouder is repareren of vervangen vergelijken slim.";"Koopwoningen en eigen cv-ketels";"De Leyens ontstond in de jaren 80 en staat bekend als rustige, groene wijk met water en het Noord-Aa in de buurt. Omdat er relatief veel koopwoningen zijn, is de vraag repareren of vervangen extra relevant bij oudere ketels en terugkerende storingen.";"KetelOfferte24.nl helpt bewoners in De Leyens bij cv-ketel vervangen, storing, energieverbruik en warmwatercomfort.";"<h2>Cv-ketelproblemen in De Leyens</h2><p>De Leyens wordt los gezien van Buytenwegh en heeft vaker koopwoningen. Daardoor hebben bewoners vaker zelf invloed op onderhoud, reparatie en vervanging van hun cv-ketel.</p><h2>Waar moet u op letten?</h2><p>In Schouwenbuurt, Kadebuurt, Redenbuurt, Wervenbuurt en Zijdenbuurt is het handig om ketelleeftijd, woningtype en gezinssamenstelling door te geven.</p><h2>Veelvoorkomende klachten</h2><p>Belangrijke signalen zijn een oude ketel, oplopend energieverbruik, slechter warmwatercomfort, terugkerende storing of de wens om een offerte voor vervanging te vergelijken.</p><h2>Repareren of vervangen?</h2><p>Bij een jonge ketel met een duidelijk defect kan reparatie logisch zijn. Is de ketel ouder, komt dezelfde storing terug of lopen de kosten op, dan is vergelijken met vervanging verstandig. Met de ketelcheck geeft u klacht, ketelleeftijd, woningtype en foto’s door. Zo wordt sneller duidelijk welke vervolgstap past.</p><h2>Veiligheid en certificering</h2><p>Bij gaslucht, rook of vermoeden van koolmonoxide moet u eerst veiligheidsmaatregelen nemen en niet wachten op een gewone offerteaanvraag. Voor werkzaamheden aan gasverbrandingsinstallaties hoort een CO-gecertificeerd bedrijf te worden ingeschakeld. Controleer dit altijd bij de uitvoerende partij.</p><h2>Links naar relevante hulp</h2><p>Bekijk ook <a href=""/zoetermeer/"">cv-ketel hulp in Zoetermeer</a>, <a href=""/cv-ketel-storing-zuid-holland/"">cv-ketel storing</a>, <a href=""/cv-ketel-lekt-zuid-holland/"">lekkage</a>, <a href=""/geen-warm-water-zuid-holland/"">geen warm water</a>, <a href=""/drukverlies-cv-ketel-zuid-holland/"">drukverlies</a> en <a href=""/cv-ketel-vervangen-zuid-holland/"">cv-ketel vervangen</a>.</p>";"<h2>Veelgestelde vragen over cv-ketels in De Leyens</h2><h3>Wanneer moet ik mijn cv-ketel vervangen?</h3><p>Vaak wordt vervangen interessant bij ketels van 12 tot 15 jaar of ouder, terugkerende storingen of hoge kosten.</p><h3>Kan ik vrijblijvend een offerte aanvragen?</h3><p>Ja, de ketelcheck geeft eerst duidelijkheid en verplicht u niet direct tot een opdracht.</p><h3>Is energieverbruik een reden om te vervangen?</h3><p>Ja, zeker bij oudere ketels kan een zuiniger model interessant zijn.</p><h3>Wat als warm water minder comfortabel wordt?</h3><p>Geef dit aan in de ketelcheck. Warmwatercomfort is belangrijk bij de keuze voor reparatie of vervanging.</p><h3>Moet ik foto’s meesturen?</h3><p>Dat is niet verplicht, maar foto’s versnellen de beoordeling.</p>";1
;palenstein;Palenstein;Zoetermeer;district;default;Zuid-Holland;"Cv-ketel problemen Palenstein? Check eigen cv of beheer";"Cv-ketel storing of geen warm water in Palenstein? Check eigen cv, verhuurder of VvE en ontvang snel duidelijkheid.";"Ketelcheck Palenstein";"Cv-ketel storing in Palenstein?";"In Palenstein verschilt de cv-situatie door hoogbouw, huurwoningen, vernieuwde woningen en verduurzaming. Check eerst of u een eigen cv-ketel heeft.";"Hoogbouw, huur en vernieuwde woningen";"Palenstein is een van de oudere wijken van Zoetermeer en veranderde van hoogbouwwijk uit de jaren 60 naar een modernere, groenere buurt. Door vernieuwing en verduurzaming is de cv-situatie niet overal hetzelfde.";"KetelOfferte24.nl helpt bewoners in Palenstein bij eigen cv-ketels, geen warm water, oude installaties en storing.";"<h2>Cv-ketelproblemen in Palenstein</h2><p>Palenstein kent hoogbouw, laagbouw, huurwoningen, vernieuwde woningen en verduurzamingsprojecten. Openbare wijkdata laat een groot aandeel huurwoningen zien. Daarom moet eerst duidelijk zijn of onderhoud via bewoner, verhuurder, VvE of projectafspraken loopt.</p><h2>Waar moet u op letten?</h2><p>Bij hoogbouw of huur is het belangrijk om beheerder, verhuurder of VvE te controleren. Bij een eigen cv-ketel kunt u de ketelcheck gebruiken voor advies of offerte.</p><h2>Veelvoorkomende klachten</h2><p>Veelvoorkomende vragen gaan over geen warm water, oude installaties, storing, eigen cv controleren en de invloed van verduurzaming.</p><h2>Repareren of vervangen?</h2><p>Bij een jonge ketel met een duidelijk defect kan reparatie logisch zijn. Is de ketel ouder, komt dezelfde storing terug of lopen de kosten op, dan is vergelijken met vervanging verstandig. Met de ketelcheck geeft u klacht, ketelleeftijd, woningtype en foto’s door. Zo wordt sneller duidelijk welke vervolgstap past.</p><h2>Veiligheid en certificering</h2><p>Bij gaslucht, rook of vermoeden van koolmonoxide moet u eerst veiligheidsmaatregelen nemen en niet wachten op een gewone offerteaanvraag. Voor werkzaamheden aan gasverbrandingsinstallaties hoort een CO-gecertificeerd bedrijf te worden ingeschakeld. Controleer dit altijd bij de uitvoerende partij.</p><h2>Links naar relevante hulp</h2><p>Bekijk ook <a href=""/zoetermeer/"">cv-ketel hulp in Zoetermeer</a>, <a href=""/cv-ketel-storing-zuid-holland/"">cv-ketel storing</a>, <a href=""/cv-ketel-lekt-zuid-holland/"">lekkage</a>, <a href=""/geen-warm-water-zuid-holland/"">geen warm water</a>, <a href=""/drukverlies-cv-ketel-zuid-holland/"">drukverlies</a> en <a href=""/cv-ketel-vervangen-zuid-holland/"">cv-ketel vervangen</a>.</p>";"<h2>Veelgestelde vragen over cv-ketels in Palenstein</h2><h3>Is de ketelcheck geschikt voor hoogbouw?</h3><p>Alleen als het om een eigen cv-ketel gaat. Bij collectieve systemen loopt dit meestal via beheerder of VvE.</p><h3>Wat als mijn woning is verduurzaamd?</h3><p>Geef dat aan. Verduurzaming kan invloed hebben op installatiekeuzes en vervanging.</p><h3>Kan ik als huurder aanvragen?</h3><p>Controleer eerst of u zelf verantwoordelijk bent voor de cv-ketel.</p><h3>Wat bij geen warm water?</h3><p>Noteer of verwarming nog werkt en of buren hetzelfde probleem hebben.</p><h3>Wanneer is een oude installatie aan vervanging toe?</h3><p>Bij terugkerende storingen, lekkage of slechte prestaties kan vervanging verstandig worden.</p>";1
;seghwaert;Seghwaert;Zoetermeer;district;default;Zuid-Holland;"Cv-ketel storing Seghwaert? Repareren of vervangen";"Cv-ketel storing, drukverlies of oude ketel in Seghwaert? Doe de ketelcheck en ontvang binnen 24 uur duidelijkheid.";"Ketelcheck Seghwaert";"Cv-ketel storing in Seghwaert?";"Seghwaert heeft oudere woonstraten, gezinswoningen en buurten met eigen cv-installaties. Bij storing of drukverlies is snelle beoordeling verstandig.";"Historische wijk met moderne cv-vragen";"Seghwaert heeft een historische achtergrond: tot 1935 was Zegwaart een zelfstandige gemeente. Vandaag gaat het om een mix van oudere woonstraten, gezinswoningen en buurten met eigen cv-installaties.";"KetelOfferte24.nl helpt bewoners in Seghwaert bij storing, drukverlies, oude ketels en de keuze tussen repareren of vervangen.";"<h2>Cv-ketelproblemen in Seghwaert</h2><p>Seghwaert combineert historische context met gewone woonstraten en gezinswoningen. Bij cv-ketelproblemen is vooral belangrijk hoe oud de ketel is, of de storing terugkomt en of de druk steeds zakt.</p><h2>Waar moet u op letten?</h2><p>In Veldenbuurt, Weidebuurt, Akkersbuurt, Gaardenbuurt, Slotenbuurt, Vaartenbuurt, Tuinenbuurt en Parkenbuurt helpt het om foto’s en foutcodes mee te sturen.</p><h2>Veelvoorkomende klachten</h2><p>Veelvoorkomende problemen zijn storing, drukverlies, een oude ketel, steeds moeten bijvullen en twijfel tussen repareren of vervangen.</p><h2>Repareren of vervangen?</h2><p>Bij een jonge ketel met een duidelijk defect kan reparatie logisch zijn. Is de ketel ouder, komt dezelfde storing terug of lopen de kosten op, dan is vergelijken met vervanging verstandig. Met de ketelcheck geeft u klacht, ketelleeftijd, woningtype en foto’s door. Zo wordt sneller duidelijk welke vervolgstap past.</p><h2>Veiligheid en certificering</h2><p>Bij gaslucht, rook of vermoeden van koolmonoxide moet u eerst veiligheidsmaatregelen nemen en niet wachten op een gewone offerteaanvraag. Voor werkzaamheden aan gasverbrandingsinstallaties hoort een CO-gecertificeerd bedrijf te worden ingeschakeld. Controleer dit altijd bij de uitvoerende partij.</p><h2>Links naar relevante hulp</h2><p>Bekijk ook <a href=""/zoetermeer/"">cv-ketel hulp in Zoetermeer</a>, <a href=""/cv-ketel-storing-zuid-holland/"">cv-ketel storing</a>, <a href=""/cv-ketel-lekt-zuid-holland/"">lekkage</a>, <a href=""/geen-warm-water-zuid-holland/"">geen warm water</a>, <a href=""/drukverlies-cv-ketel-zuid-holland/"">drukverlies</a> en <a href=""/cv-ketel-vervangen-zuid-holland/"">cv-ketel vervangen</a>.</p>";"<h2>Veelgestelde vragen over cv-ketels in Seghwaert</h2><h3>Wat betekent terugkerend drukverlies?</h3><p>Dat kan wijzen op lekkage, expansievatproblemen of een ander defect. Beschrijf hoe vaak u moet bijvullen.</p><h3>Is repareren nog verstandig?</h3><p>Dat hangt af van ketelleeftijd, defect en kosten. De ketelcheck helpt die afweging maken.</p><h3>Kan ik bij een oude ketel direct vervanging aanvragen?</h3><p>Ja, geef aan dat u vervanging wilt vergelijken.</p><h3>Welke informatie is nuttig?</h3><p>Foutcode, ketelleeftijd, merk/type en foto’s van ketel en drukmeter.</p><h3>Wat als er gaslucht is?</h3><p>Neem direct veiligheidsmaatregelen. Gebruik geen gewone offerteaanvraag als eerste stap bij acuut gevaar.</p>";1
;noordhove;Noordhove;Zoetermeer;district;default;Zuid-Holland;"Cv-ketel vervangen Noordhove? Ketelcheck en offerte";"Cv-ketel storing, drukverlies of minder warm water in Noordhove? Doe de ketelcheck voor advies of vervangofferte.";"Ketelcheck Noordhove";"Cv-ketel storing of vervangen in Noordhove?";"Noordhove heeft veel woningen uit de jaren 80 en 90. Bij oudere ketels, drukverlies of minder warmwatercomfort is vervanging onderzoeken slim.";"Rustige groene wijk met ouder wordende installaties";"Noordhove is een rustige, groene wijk in het noorden van Zoetermeer. De eerste paal werd in 1985 geslagen. Veel cv-ketels in gezinswoningen kunnen inmiddels meerdere onderhoudsrondes achter de rug hebben.";"KetelOfferte24.nl helpt bewoners in Noordhove bij oude ketels, warmwaterproblemen, drukverlies en offerte voor vervanging.";"<h2>Cv-ketelproblemen in Noordhove</h2><p>In Noordhove staan veel woningen uit de periode waarin Zoetermeer verder uitbreidde. Bij ketels die al langere tijd meegaan, kunnen storingen, drukverlies en minder warmwatercomfort signalen zijn dat vervanging onderzocht moet worden.</p><h2>Waar moet u op letten?</h2><p>In Plannenbuurt, Schansenbuurt, Appelbuurt, Ruimtenbuurt, Lommerbuurt en Lijnenbuurt is het handig om ketelleeftijd en warmwaterbehoefte concreet te beschrijven.</p><h2>Veelvoorkomende klachten</h2><p>Denk aan jaren 80/90-woningen, oude ketels, gezinswoningen, geen of wisselend warm water, drukverlies en offertevragen voor vervanging.</p><h2>Repareren of vervangen?</h2><p>Bij een jonge ketel met een duidelijk defect kan reparatie logisch zijn. Is de ketel ouder, komt dezelfde storing terug of lopen de kosten op, dan is vergelijken met vervanging verstandig. Met de ketelcheck geeft u klacht, ketelleeftijd, woningtype en foto’s door. Zo wordt sneller duidelijk welke vervolgstap past.</p><h2>Veiligheid en certificering</h2><p>Bij gaslucht, rook of vermoeden van koolmonoxide moet u eerst veiligheidsmaatregelen nemen en niet wachten op een gewone offerteaanvraag. Voor werkzaamheden aan gasverbrandingsinstallaties hoort een CO-gecertificeerd bedrijf te worden ingeschakeld. Controleer dit altijd bij de uitvoerende partij.</p><h2>Links naar relevante hulp</h2><p>Bekijk ook <a href=""/zoetermeer/"">cv-ketel hulp in Zoetermeer</a>, <a href=""/cv-ketel-storing-zuid-holland/"">cv-ketel storing</a>, <a href=""/cv-ketel-lekt-zuid-holland/"">lekkage</a>, <a href=""/geen-warm-water-zuid-holland/"">geen warm water</a>, <a href=""/drukverlies-cv-ketel-zuid-holland/"">drukverlies</a> en <a href=""/cv-ketel-vervangen-zuid-holland/"">cv-ketel vervangen</a>.</p>";"<h2>Veelgestelde vragen over cv-ketels in Noordhove</h2><h3>Waarom is Noordhove geschikt voor vervangvragen?</h3><p>Veel woningen zijn uit de jaren 80 en 90. Ketels kunnen inmiddels ouder of minder zuinig zijn.</p><h3>Wat als mijn warm water schommelt?</h3><p>Geef dit duidelijk aan. Warmwatercomfort is belangrijk bij reparatie of vervanging.</p><h3>Kan drukverlies wijzen op een groter probleem?</h3><p>Ja, zeker als u vaak moet bijvullen.</p><h3>Krijg ik direct een offerte?</h3><p>U ontvangt binnen 24 uur duidelijkheid, advies of een passende offerte wanneer de aanvraag compleet genoeg is.</p><h3>Moet ik mijn oude ketel vervangen?</h3><p>Niet altijd. De ketelcheck helpt om reparatie en vervanging te vergelijken.</p>";1
;dorp-zoetermeer;"Dorp Zoetermeer";Zoetermeer;district;default;Zuid-Holland;"Cv-ketel storing Dorp Zoetermeer? Check oude woning";"Cv-ketel storing of vervanging in Dorp Zoetermeer? Doe de ketelcheck bij oude woningen, compacte opstelling of rookgasafvoer-vragen.";"Ketelcheck Dorp Zoetermeer";"Cv-ketel hulp in Dorp Zoetermeer";"In Dorp Zoetermeer verschillen woningen sterk. Bij oudere of verbouwde panden zijn opstelling, rookgasafvoer en ketelleeftijd extra belangrijk.";"Oude kern, verschillende woningtypes";"Dorp is de oorsprong van Zoetermeer en heeft de oude dorpssfeer behouden. Rond oudere woningen, verbouwde panden en woningen bij de Dorpsstraat vraagt een cv-probleem soms om extra aandacht voor opstelling en rookgasafvoer.";"KetelOfferte24.nl helpt bewoners in Dorp Zoetermeer bij storing, vervanging, compacte opstellingen en foto-beoordeling.";"<h2>Cv-ketelproblemen in Dorp Zoetermeer</h2><p>In Dorp kunnen woningtypes sterk verschillen: oudere woningen, verbouwde panden, woningen rond de Dorpsstraat en nieuwere delen. Daardoor is het belangrijk om bij een cv-probleem niet alleen naar de klacht, maar ook naar ketelplek en rookgasafvoer te kijken.</p><h2>Waar moet u op letten?</h2><p>Omdat Dorp relatief veel koopwoningen kent, kunnen bewoners vaker zelf beslissen over reparatie of vervanging. Controleer bij huur of VvE wel eerst de verantwoordelijkheid.</p><h2>Veelvoorkomende klachten</h2><p>Belangrijke punten zijn oude woningen, compacte opstellingen, rookgasafvoer, cv-ketel vervangen en foto’s meesturen van de ketelruimte.</p><h2>Repareren of vervangen?</h2><p>Bij een jonge ketel met een duidelijk defect kan reparatie logisch zijn. Is de ketel ouder, komt dezelfde storing terug of lopen de kosten op, dan is vergelijken met vervanging verstandig. Met de ketelcheck geeft u klacht, ketelleeftijd, woningtype en foto’s door. Zo wordt sneller duidelijk welke vervolgstap past.</p><h2>Veiligheid en certificering</h2><p>Bij gaslucht, rook of vermoeden van koolmonoxide moet u eerst veiligheidsmaatregelen nemen en niet wachten op een gewone offerteaanvraag. Voor werkzaamheden aan gasverbrandingsinstallaties hoort een CO-gecertificeerd bedrijf te worden ingeschakeld. Controleer dit altijd bij de uitvoerende partij.</p><h2>Links naar relevante hulp</h2><p>Bekijk ook <a href=""/zoetermeer/"">cv-ketel hulp in Zoetermeer</a>, <a href=""/cv-ketel-storing-zuid-holland/"">cv-ketel storing</a>, <a href=""/cv-ketel-lekt-zuid-holland/"">lekkage</a>, <a href=""/geen-warm-water-zuid-holland/"">geen warm water</a>, <a href=""/drukverlies-cv-ketel-zuid-holland/"">drukverlies</a> en <a href=""/cv-ketel-vervangen-zuid-holland/"">cv-ketel vervangen</a>.</p>";"<h2>Veelgestelde vragen over cv-ketels in Dorp Zoetermeer</h2><h3>Waarom zijn foto’s belangrijk in Dorp?</h3><p>Bij oudere of verbouwde panden geven foto’s snel inzicht in ketelplek, leidingen en rookgasafvoer.</p><h3>Kan een compacte opstelling vervanging lastiger maken?</h3><p>Ja, bereikbaarheid en ruimte rond de ketel kunnen invloed hebben op de oplossing.</p><h3>Wat als mijn ketel in een oud pand hangt?</h3><p>Vermeld dit in de toelichting en stuur foto’s mee.</p><h3>Kan ik reparatie en vervanging vergelijken?</h3><p>Ja, zeker bij oudere ketels of terugkerende storingen.</p><h3>Is rookgasafvoer belangrijk?</h3><p>Ja, bij vervanging en veilige werking moet rookgasafvoer goed worden beoordeeld.</p>";1
;driemanspolder;Driemanspolder;Zoetermeer;district;default;Zuid-Holland;"Cv-ketel storing Driemanspolder? Check lekkage of drukverlies";"Cv-ketel storing, lekkage, drukverlies of geen warm water in Driemanspolder? Doe de gratis ketelcheck.";"Ketelcheck Driemanspolder";"Cv-ketel storing in Driemanspolder?";"Driemanspolder is gebouwd in de jaren 70. Bij oudere installaties, appartementen, lekkage of drukverlies is snelle beoordeling verstandig.";"Jaren 70-woningen en oudere installaties";"Driemanspolder is gebouwd in de jaren 70 en dankt de naam aan de oude polder in het gebied. Bij oudere installaties en appartementen is het verstandig om eerst helder te krijgen of reparatie, beheer of vervanging de juiste route is.";"KetelOfferte24.nl helpt bewoners in Driemanspolder bij lekkage, drukverlies, geen warm water en oudere cv-installaties.";"<h2>Cv-ketelproblemen in Driemanspolder</h2><p>In Driemanspolder kunnen cv-ketelproblemen vaker spelen bij oudere installaties, appartementen en woningen waar de ketel al meerdere keren is onderhouden. Een kleine storing kan dan onderdeel zijn van een groter patroon.</p><h2>Waar moet u op letten?</h2><p>Bij appartementen kan VvE of verhuurder een rol spelen. Bij een eigen cv-ketel helpt de ketelcheck om klacht, ketelleeftijd en foto’s gericht door te geven.</p><h2>Veelvoorkomende klachten</h2><p>Veelvoorkomende klachten zijn lekkage, drukverlies, geen warm water, storing en oude installaties die steeds opnieuw aandacht vragen.</p><h2>Repareren of vervangen?</h2><p>Bij een jonge ketel met een duidelijk defect kan reparatie logisch zijn. Is de ketel ouder, komt dezelfde storing terug of lopen de kosten op, dan is vergelijken met vervanging verstandig. Met de ketelcheck geeft u klacht, ketelleeftijd, woningtype en foto’s door. Zo wordt sneller duidelijk welke vervolgstap past.</p><h2>Veiligheid en certificering</h2><p>Bij gaslucht, rook of vermoeden van koolmonoxide moet u eerst veiligheidsmaatregelen nemen en niet wachten op een gewone offerteaanvraag. Voor werkzaamheden aan gasverbrandingsinstallaties hoort een CO-gecertificeerd bedrijf te worden ingeschakeld. Controleer dit altijd bij de uitvoerende partij.</p><h2>Links naar relevante hulp</h2><p>Bekijk ook <a href=""/zoetermeer/"">cv-ketel hulp in Zoetermeer</a>, <a href=""/cv-ketel-storing-zuid-holland/"">cv-ketel storing</a>, <a href=""/cv-ketel-lekt-zuid-holland/"">lekkage</a>, <a href=""/geen-warm-water-zuid-holland/"">geen warm water</a>, <a href=""/drukverlies-cv-ketel-zuid-holland/"">drukverlies</a> en <a href=""/cv-ketel-vervangen-zuid-holland/"">cv-ketel vervangen</a>.</p>";"<h2>Veelgestelde vragen over cv-ketels in Driemanspolder</h2><h3>Is drukverlies normaal bij oudere installaties?</h3><p>Af en toe bijvullen kan voorkomen, maar vaak drukverlies verdient beoordeling.</p><h3>Wat als ik in een appartement woon?</h3><p>Controleer of u een eigen cv-ketel heeft of dat beheer/VvE verantwoordelijk is.</p><h3>Kan lekkage betekenen dat vervanging nodig is?</h3><p>Soms wel, vooral bij oude ketels of terugkerende problemen.</p><h3>Wat moet ik invullen bij geen warm water?</h3><p>Geef aan of verwarming nog werkt en of er een foutcode zichtbaar is.</p><h3>Is Driemanspolder geschikt voor offertevragen?</h3><p>Ja, bij eigen cv-ketels kunt u reparatie of vervanging laten beoordelen.</p>";1
;stadscentrum-zoetermeer;"Stadscentrum Zoetermeer";Zoetermeer;district;default;Zuid-Holland;"Cv-ketel storing Stadscentrum Zoetermeer? Check VvE of eigen ketel";"Cv-ketel storing of geen warm water in Stadscentrum Zoetermeer? Check eigen ketel, VvE of verhuurder en start de ketelcheck.";"Ketelcheck Stadscentrum";"Cv-ketel storing in Stadscentrum Zoetermeer?";"In het Stadscentrum gaat het vaak om appartementen, wonen boven winkels en situaties met beheer, VvE of verhuurder. Check eerst of het om een eigen cv-ketel gaat.";"Appartement, VvE of eigen cv?";"Stadscentrum is het hart van Zoetermeer met winkels, uitgaan, cultuur en wonen. Bij cv-problemen in appartementen of woningen boven winkels moet eerst duidelijk zijn of het om een eigen cv-ketel of gezamenlijke installatie gaat.";"KetelOfferte24.nl helpt bewoners in Stadscentrum Zoetermeer bij eigen cv-ketels, storing, geen warm water en offertevragen.";"<h2>Cv-ketelproblemen in Stadscentrum Zoetermeer</h2><p>In het Stadscentrum spelen appartementen, woningen boven winkels, beheerafspraken, VvE en verhuurder vaker een rol. Daarom is de eerste stap: vaststellen wie verantwoordelijk is voor de installatie.</p><h2>Waar moet u op letten?</h2><p>Bij een eigen cv-ketel kunt u de ketelcheck gebruiken. Bij collectieve verwarming of centrale installaties loopt de oplossing vaak via beheerder, VvE of verhuurder.</p><h2>Veelvoorkomende klachten</h2><p>Veelvoorkomende vragen gaan over appartementen, VvE, verhuurder, eigen ketel of collectief systeem, geen warm water en storing.</p><h2>Repareren of vervangen?</h2><p>Bij een jonge ketel met een duidelijk defect kan reparatie logisch zijn. Is de ketel ouder, komt dezelfde storing terug of lopen de kosten op, dan is vergelijken met vervanging verstandig. Met de ketelcheck geeft u klacht, ketelleeftijd, woningtype en foto’s door. Zo wordt sneller duidelijk welke vervolgstap past.</p><h2>Veiligheid en certificering</h2><p>Bij gaslucht, rook of vermoeden van koolmonoxide moet u eerst veiligheidsmaatregelen nemen en niet wachten op een gewone offerteaanvraag. Voor werkzaamheden aan gasverbrandingsinstallaties hoort een CO-gecertificeerd bedrijf te worden ingeschakeld. Controleer dit altijd bij de uitvoerende partij.</p><h2>Links naar relevante hulp</h2><p>Bekijk ook <a href=""/zoetermeer/"">cv-ketel hulp in Zoetermeer</a>, <a href=""/cv-ketel-storing-zuid-holland/"">cv-ketel storing</a>, <a href=""/cv-ketel-lekt-zuid-holland/"">lekkage</a>, <a href=""/geen-warm-water-zuid-holland/"">geen warm water</a>, <a href=""/drukverlies-cv-ketel-zuid-holland/"">drukverlies</a> en <a href=""/cv-ketel-vervangen-zuid-holland/"">cv-ketel vervangen</a>.</p>";"<h2>Veelgestelde vragen over cv-ketels in Stadscentrum Zoetermeer</h2><h3>Kan ik de ketelcheck gebruiken in een appartement?</h3><p>Ja, als u een eigen cv-ketel heeft. Bij collectieve installaties loopt dit meestal via VvE of beheer.</p><h3>Wat als ik boven een winkel woon?</h3><p>Controleer wie verantwoordelijk is voor de installatie en stuur foto’s mee als het uw eigen ketel is.</p><h3>Wat bij geen warm water?</h3><p>Check of buren hetzelfde probleem hebben en of het om een eigen of gezamenlijke installatie gaat.</p><h3>Moet ik mijn verhuurder bellen?</h3><p>Bij huurwoningen vaak wel. Controleer eerst de afspraken over onderhoud en vervanging.</p><h3>Kan ik ook een offerte aanvragen?</h3><p>Ja, voor een eigen cv-ketel kan de ketelcheck leiden tot advies of een passende offerte.</p>";1
